Triathlon,Naam,Zwem,#Z,Wis1,#W1,Fiets,#F,NaFiets,#NaF,Wis2,#W2,Loop,#L,Totaal,#Tot
Stad van de Zon,Thijs van der Zee,0 days 00:08:54,3,0 days 00:00:45,5,0 days 00:34:35,1,0 days 00:44:14,1,0 days 00:00:28,1,0 days 00:19:00,7,0 days 01:03:40,1
Stad van de Zon,Josh Garrone,0 days 00:08:16,2,0 days 00:00:38,3,0 days 00:36:58,7,0 days 00:45:52,4,0 days 00:00:29,2,0 days 00:18:03,1,0 days 01:04:22,2
Stad van de Zon,Emiel van Tongerlo,0 days 00:08:56,4,0 days 00:00:49,8,0 days 00:35:41,3,0 days 00:45:26,3,0 days 00:00:41,12,0 days 00:18:48,4,0 days 01:04:54,3
Stad van de Zon,Rens van Beek,0 days 00:08:15,1,0 days 00:00:49,8,0 days 00:37:30,13,0 days 00:46:34,5,0 days 00:00:39,9,0 days 00:18:03,1,0 days 01:05:15,4
Stad van de Zon,Joris de Boer,0 days 00:09:11,7,0 days 00:00:34,1,0 days 00:35:12,2,0 days 00:44:57,2,0 days 00:00:30,3,0 days 00:20:39,14,0 days 01:06:04,5
Stad van de Zon,Rene Hoep,0 days 00:09:20,11,0 days 00:00:50,10,0 days 00:37:29,12,0 days 00:47:39,9,0 days 00:00:49,19,0 days 00:18:43,3,0 days 01:07:09,6
Stad van de Zon,Rinse van de Ouweelen,0 days 00:09:01,6,0 days 00:00:56,14,0 days 00:37:39,15,0 days 00:47:36,8,0 days 00:00:46,16,0 days 00:20:12,9,0 days 01:08:32,7
Stad van de Zon,Jos Smit,0 days 00:09:16,9,0 days 00:01:00,16,0 days 00:37:23,11,0 days 00:47:39,9,0 days 00:00:34,5,0 days 00:20:33,12,0 days 01:08:44,8
Stad van de Zon,Michael Emmerik,0 days 00:12:51,77,0 days 00:00:55,13,0 days 00:35:43,4,0 days 00:49:29,16,0 days 00:00:42,14,0 days 00:18:48,4,0 days 01:08:58,9
Stad van de Zon,Arno van Zwieten,0 days 00:09:53,16,0 days 00:01:15,31,0 days 00:36:24,6,0 days 00:47:32,7,0 days 00:00:39,9,0 days 00:21:12,18,0 days 01:09:20,10
Stad van de Zon,Michael Krijnen,0 days 00:08:59,5,0 days 00:00:36,2,0 days 00:37:43,16,0 days 00:47:18,6,0 days 00:00:44,15,0 days 00:21:21,22,0 days 01:09:21,11
Stad van de Zon,Mike Timmerman,0 days 00:09:38,14,0 days 00:01:16,32,0 days 00:38:12,22,0 days 00:49:06,14,0 days 00:00:40,11,0 days 00:19:52,8,0 days 01:09:37,12
Stad van de Zon,Menno Boots,0 days 00:10:37,20,0 days 00:00:47,6,0 days 00:38:03,21,0 days 00:49:27,15,0 days 00:00:38,6,0 days 00:20:15,10,0 days 01:10:18,13
Stad van de Zon,Paul Nieuwenhuizen,0 days 00:09:46,15,0 days 00:00:44,4,0 days 00:37:22,10,0 days 00:47:52,11,0 days 00:00:38,6,0 days 00:22:00,34,0 days 01:10:29,14
Stad van de Zon,Oskar Wit,0 days 00:09:59,18,0 days 00:00:48,7,0 days 00:38:18,23,0 days 00:49:05,13,0 days 00:00:32,4,0 days 00:21:20,21,0 days 01:10:55,15
Stad van de Zon,Onno Timmermans,0 days 00:12:11,53,0 days 00:01:21,35,0 days 00:35:57,5,0 days 00:49:29,16,0 days 00:00:53,27,0 days 00:22:21,37,0 days 01:12:41,16
Stad van de Zon,Jos Pronk,0 days 00:10:25,19,0 days 00:01:33,58,0 days 00:36:59,8,0 days 00:48:57,12,0 days 00:01:23,82,0 days 00:22:35,39,0 days 01:12:51,17
Stad van de Zon,Hans Bader,0 days 00:12:48,73,0 days 00:01:11,26,0 days 00:37:57,19,0 days 00:51:56,23,0 days 00:00:49,19,0 days 00:20:27,11,0 days 01:13:10,18
Stad van de Zon,Jacco Koot,0 days 00:11:50,44,0 days 00:01:38,63,0 days 00:39:53,34,0 days 00:53:21,35,0 days 00:01:31,95,0 days 00:18:49,6,0 days 01:13:40,19
Stad van de Zon,Dave de Groot,0 days 00:13:39,97,0 days 00:01:04,22,0 days 00:37:16,9,0 days 00:51:59,25,0 days 00:00:56,33,0 days 00:20:54,17,0 days 01:13:47,20
Stad van de Zon,Robin Marees,0 days 00:11:42,36,0 days 00:01:23,38,0 days 00:38:24,24,0 days 00:51:29,19,0 days 00:01:15,69,0 days 00:21:45,30,0 days 01:14:28,21
Stad van de Zon,Koen Van Wieringen,0 days 00:12:02,49,0 days 00:01:51,75,0 days 00:37:30,13,0 days 00:51:23,18,0 days 00:01:48,107,0 days 00:21:22,23,0 days 01:14:32,22
Stad van de Zon,Ruud Roemersma,0 days 00:11:43,38,0 days 00:01:50,74,0 days 00:39:10,26,0 days 00:52:43,31,0 days 00:01:04,46,0 days 00:20:53,16,0 days 01:14:39,23
Stad van de Zon,Joey Hidding,0 days 00:11:05,24,0 days 00:00:57,15,0 days 00:40:23,40,0 days 00:52:25,29,0 days 00:00:49,19,0 days 00:21:32,25,0 days 01:14:44,24
Stad van de Zon,Jeroen Langenberg,0 days 00:10:47,21,0 days 00:02:01,88,0 days 00:39:09,25,0 days 00:51:57,24,0 days 00:01:08,58,0 days 00:21:41,29,0 days 01:14:45,25
Stad van de Zon,Michael Smit,0 days 00:09:13,8,0 days 00:00:54,12,0 days 00:41:31,54,0 days 00:51:38,21,0 days 00:01:06,53,0 days 00:22:12,36,0 days 01:14:55,26
Stad van de Zon,Joost Baalbergen,0 days 00:12:32,65,0 days 00:01:49,72,0 days 00:37:43,16,0 days 00:52:04,28,0 days 00:01:35,99,0 days 00:21:19,20,0 days 01:14:57,27
Stad van de Zon,Tijmen Kraaijeveld,0 days 00:11:23,27,0 days 00:02:25,111,0 days 00:38:01,20,0 days 00:51:49,22,0 days 00:01:21,77,0 days 00:22:08,35,0 days 01:15:17,28
Stad van de Zon,Jasper van Langen,0 days 00:12:35,66,0 days 00:01:14,28,0 days 00:37:46,18,0 days 00:51:35,20,0 days 00:01:00,42,0 days 00:23:08,46,0 days 01:15:41,29
Stad van de Zon,Martijn ploeger,0 days 00:12:41,69,0 days 00:01:24,40,0 days 00:39:39,31,0 days 00:53:44,41,0 days 00:01:22,80,0 days 00:21:13,19,0 days 01:16:19,30
Stad van de Zon,Bart Kuilboer,0 days 00:11:37,32,0 days 00:01:08,25,0 days 00:40:53,47,0 days 00:53:38,38,0 days 00:00:52,24,0 days 00:21:52,32,0 days 01:16:20,31
Stad van de Zon,Vincent Oudt,0 days 00:12:47,71,0 days 00:01:35,59,0 days 00:39:34,28,0 days 00:53:56,46,0 days 00:00:50,22,0 days 00:21:38,27,0 days 01:16:22,32
Stad van de Zon,Frank Brink,0 days 00:11:36,31,0 days 00:02:07,96,0 days 00:41:07,50,0 days 00:54:50,51,0 days 00:00:47,17,0 days 00:20:50,15,0 days 01:16:26,33
Stad van de Zon,Ruud Doodeman,0 days 00:11:04,23,0 days 00:01:04,22,0 days 00:41:44,61,0 days 00:53:52,44,0 days 00:00:51,23,0 days 00:21:53,33,0 days 01:16:34,34
Stad van de Zon,Erik Visser,0 days 00:11:29,28,0 days 00:01:14,28,0 days 00:39:16,27,0 days 00:51:59,25,0 days 00:00:52,24,0 days 00:23:57,60,0 days 01:16:46,35
Stad van de Zon,Edward Kardinaal,0 days 00:09:58,17,0 days 00:01:01,18,0 days 00:41:01,48,0 days 00:52:00,27,0 days 00:00:52,24,0 days 00:24:02,64,0 days 01:16:52,36
Stad van de Zon,Sandy de Joode,0 days 00:13:08,83,0 days 00:01:02,19,0 days 00:39:35,29,0 days 00:53:45,43,0 days 00:00:41,12,0 days 00:22:48,45,0 days 01:17:13,37
Stad van de Zon,Sander van Staveren,0 days 00:12:27,64,0 days 00:02:03,91,0 days 00:40:25,41,0 days 00:54:55,54,0 days 00:00:59,39,0 days 00:21:33,26,0 days 01:17:26,38
Stad van de Zon,Pascal Sijm,0 days 00:12:18,56,0 days 00:02:11,101,0 days 00:41:24,53,0 days 00:55:53,63,0 days 00:01:10,63,0 days 00:20:37,13,0 days 01:17:38,39
Stad van de Zon,Joost Jan Ruijter,0 days 00:11:41,35,0 days 00:01:46,69,0 days 00:39:56,37,0 days 00:53:23,37,0 days 00:01:39,101,0 days 00:22:42,41,0 days 01:17:41,40
Stad van de Zon,Onno van Gils,0 days 00:11:58,48,0 days 00:01:31,55,0 days 00:39:43,32,0 days 00:53:12,34,0 days 00:01:12,66,0 days 00:23:28,54,0 days 01:17:50,41
Stad van de Zon,Ronald de Groot,0 days 00:11:35,30,0 days 00:01:43,67,0 days 00:39:36,30,0 days 00:52:54,33,0 days 00:01:04,46,0 days 00:23:59,61,0 days 01:17:57,42
Stad van de Zon,Ivan Bos,0 days 00:11:44,39,0 days 00:01:28,47,0 days 00:40:30,42,0 days 00:53:42,39,0 days 00:00:57,35,0 days 00:23:21,51,0 days 01:17:58,43
Stad van de Zon,Nico Buddelmeijer,0 days 00:11:16,26,0 days 00:01:30,52,0 days 00:40:01,38,0 days 00:52:47,32,0 days 00:01:15,69,0 days 00:23:59,61,0 days 01:18:00,44
Stad van de Zon,Robin Kaag,0 days 00:11:11,25,0 days 00:01:28,47,0 days 00:41:05,49,0 days 00:53:44,41,0 days 00:01:14,68,0 days 00:23:28,54,0 days 01:18:24,45
Stad van de Zon,Chris van Dok,0 days 00:13:28,90,0 days 00:02:02,90,0 days 00:39:55,36,0 days 00:55:25,59,0 days 00:01:28,92,0 days 00:21:48,31,0 days 01:18:38,46
Stad van de Zon,Rens Zuurbier,0 days 00:13:05,82,0 days 00:01:46,69,0 days 00:40:17,39,0 days 00:55:08,57,0 days 00:01:01,44,0 days 00:22:44,42,0 days 01:18:50,47
Stad van de Zon,Frank Potter,0 days 00:11:46,41,0 days 00:01:38,63,0 days 00:41:32,55,0 days 00:54:56,55,0 days 00:01:04,46,0 days 00:23:10,48,0 days 01:19:09,48
Stad van de Zon,patrick smal,0 days 00:12:57,79,0 days 00:01:13,27,0 days 00:40:39,44,0 days 00:54:49,50,0 days 00:00:59,39,0 days 00:23:41,58,0 days 01:19:27,49
Stad van de Zon,Michael Nijholt,0 days 00:11:42,36,0 days 00:01:59,83,0 days 00:41:44,61,0 days 00:55:25,59,0 days 00:01:08,58,0 days 00:23:08,46,0 days 01:19:39,50
Stad van de Zon,Sjoerd Baars,0 days 00:11:53,46,0 days 00:01:35,59,0 days 00:39:53,34,0 days 00:53:21,35,0 days 00:02:11,115,0 days 00:24:21,65,0 days 01:19:51,51
Stad van de Zon,Ruud Koopman,0 days 00:09:34,13,0 days 00:02:00,87,0 days 00:42:36,70,0 days 00:54:10,48,0 days 00:01:27,91,0 days 00:24:23,66,0 days 01:19:57,52
Stad van de Zon,Danny Hajos,0 days 00:13:38,94,0 days 00:01:29,50,0 days 00:40:44,45,0 days 00:55:51,62,0 days 00:01:31,95,0 days 00:22:45,43,0 days 01:20:04,53
Stad van de Zon,Martin Bloothoofd,0 days 00:12:38,67,0 days 00:01:25,43,0 days 00:40:50,46,0 days 00:54:53,53,0 days 00:01:06,53,0 days 00:24:30,67,0 days 01:20:27,54
Stad van de Zon,Bram Spaans,0 days 00:12:09,51,0 days 00:02:07,96,0 days 00:41:40,60,0 days 00:55:56,65,0 days 00:01:20,76,0 days 00:23:19,49,0 days 01:20:33,55
Stad van de Zon,Rutger Bouwman,0 days 00:12:10,52,0 days 00:00:52,11,0 days 00:42:00,65,0 days 00:55:02,56,0 days 00:00:48,18,0 days 00:24:49,72,0 days 01:20:38,56
Stad van de Zon,Maikel Koopman,0 days 00:11:03,22,0 days 00:02:08,99,0 days 00:41:39,59,0 days 00:54:50,51,0 days 00:01:04,46,0 days 00:25:15,78,0 days 01:21:07,57
Stad van de Zon,Niels Romein,0 days 00:09:18,10,0 days 00:01:23,38,0 days 00:43:53,84,0 days 00:54:34,49,0 days 00:00:53,27,0 days 00:25:44,81,0 days 01:21:09,58
Stad van de Zon,Owen van Hooff,0 days 00:12:12,55,0 days 00:01:02,19,0 days 00:40:38,43,0 days 00:53:52,44,0 days 00:00:56,33,0 days 00:26:38,90,0 days 01:21:24,59
Stad van de Zon,Niek van Langen,0 days 00:12:23,60,0 days 00:01:38,63,0 days 00:41:52,63,0 days 00:55:53,63,0 days 00:00:57,35,0 days 00:24:38,69,0 days 01:21:27,60
Stad van de Zon,Roelof Veenvliet,0 days 00:09:28,12,0 days 00:01:28,47,0 days 00:41:33,56,0 days 00:52:29,30,0 days 00:01:06,53,0 days 00:28:05,107,0 days 01:21:39,61
Stad van de Zon,Adriaan Klijn,0 days 00:14:09,103,0 days 00:01:19,34,0 days 00:43:36,82,0 days 00:59:04,83,0 days 00:01:00,42,0 days 00:21:38,27,0 days 01:21:42,62
Stad van de Zon,Walter Eggers,0 days 00:12:25,62,0 days 00:01:30,52,0 days 00:39:47,33,0 days 00:53:42,39,0 days 00:00:55,32,0 days 00:27:07,96,0 days 01:21:45,63
Stad van de Zon,Walter Verhoogt,0 days 00:13:02,80,0 days 00:01:59,83,0 days 00:42:17,69,0 days 00:57:18,73,0 days 00:01:10,63,0 days 00:23:19,49,0 days 01:21:53,64
Stad van de Zon,Ruud Breed,0 days 00:12:48,73,0 days 00:01:54,81,0 days 00:41:58,64,0 days 00:56:40,68,0 days 00:01:13,67,0 days 00:24:35,68,0 days 01:22:26,65
Stad van de Zon,Ruud Sweep,0 days 00:11:32,29,0 days 00:01:00,16,0 days 00:41:36,58,0 days 00:54:08,47,0 days 00:01:08,58,0 days 00:27:20,100,0 days 01:22:35,66
Stad van de Zon,Christiaan Schipper,0 days 00:13:27,89,0 days 00:01:32,57,0 days 00:42:57,76,0 days 00:57:56,78,0 days 00:01:21,77,0 days 00:23:25,52,0 days 01:22:40,67
Stad van de Zon,RenÃƒÂ© Bakker,0 days 00:13:33,93,0 days 00:01:30,52,0 days 00:43:15,80,0 days 00:58:18,80,0 days 00:00:59,39,0 days 00:23:29,56,0 days 01:22:45,68
Stad van de Zon,Coen Bakker,0 days 00:13:54,98,0 days 00:01:17,33,0 days 00:44:15,91,0 days 00:59:26,85,0 days 00:00:57,35,0 days 00:22:30,38,0 days 01:22:51,69
Stad van de Zon,Jeroen Anslijn,0 days 00:11:46,41,0 days 00:01:40,66,0 days 00:43:44,83,0 days 00:57:10,71,0 days 00:01:09,61,0 days 00:24:39,70,0 days 01:22:56,70
Stad van de Zon,Ron Apeldoorn,0 days 00:11:45,40,0 days 00:02:23,108,0 days 00:44:37,93,0 days 00:58:45,82,0 days 00:00:54,31,0 days 00:23:25,52,0 days 01:23:02,71
Stad van de Zon,Robin van Stein,0 days 00:12:19,58,0 days 00:01:26,46,0 days 00:41:35,57,0 days 00:55:20,58,0 days 00:01:16,72,0 days 00:26:34,88,0 days 01:23:08,72
Stad van de Zon,Bart Winter,0 days 00:11:54,47,0 days 00:01:14,28,0 days 00:46:18,102,0 days 00:59:26,85,0 days 00:01:21,77,0 days 00:22:45,43,0 days 01:23:30,73
Stad van de Zon,Peter Duineveld,0 days 00:14:02,99,0 days 00:01:31,55,0 days 00:42:57,76,0 days 00:58:30,81,0 days 00:01:05,51,0 days 00:24:00,63,0 days 01:23:34,74
Stad van de Zon,Kasper de Vos,0 days 00:12:50,76,0 days 00:01:36,62,0 days 00:45:42,97,0 days 01:00:08,91,0 days 00:00:53,27,0 days 00:22:38,40,0 days 01:23:37,75
Stad van de Zon,Koen Mathot,0 days 00:12:06,50,0 days 00:02:21,106,0 days 00:41:17,52,0 days 00:55:44,61,0 days 00:02:20,117,0 days 00:25:39,79,0 days 01:23:42,76
Stad van de Zon,Bart Brinkman,0 days 00:12:18,56,0 days 00:01:02,19,0 days 00:42:43,72,0 days 00:56:03,66,0 days 00:01:07,57,0 days 00:26:38,90,0 days 01:23:46,77
Stad van de Zon,Jeroen Slagter,0 days 00:15:09,109,0 days 00:02:06,94,0 days 00:44:06,86,0 days 01:01:21,97,0 days 00:01:33,98,0 days 00:21:30,24,0 days 01:24:21,78
Stad van de Zon,Dennis Gijsbers,0 days 00:12:11,53,0 days 00:01:53,79,0 days 00:44:12,89,0 days 00:58:16,79,0 days 00:01:05,51,0 days 00:25:06,76,0 days 01:24:24,79
Stad van de Zon,Joeri Uilenreef,0 days 00:13:11,85,0 days 00:01:24,40,0 days 00:42:09,67,0 days 00:56:44,69,0 days 00:01:10,63,0 days 00:27:12,97,0 days 01:25:04,80
Stad van de Zon,Marco Weijers,0 days 00:13:29,91,0 days 00:02:18,103,0 days 00:42:03,66,0 days 00:57:50,77,0 days 00:00:57,35,0 days 00:26:44,92,0 days 01:25:29,81
Stad van de Zon,Martin van Benten,0 days 00:13:15,86,0 days 00:01:25,43,0 days 00:42:53,74,0 days 00:57:33,75,0 days 00:01:18,74,0 days 00:26:44,92,0 days 01:25:33,82
Stad van de Zon,Martin Beek,0 days 00:11:49,43,0 days 00:01:21,35,0 days 00:44:07,87,0 days 00:57:17,72,0 days 00:01:03,45,0 days 00:27:51,104,0 days 01:26:08,83
Stad van de Zon,Johan Baas,0 days 00:14:07,102,0 days 00:01:59,83,0 days 00:45:14,95,0 days 01:01:20,96,0 days 00:01:31,95,0 days 00:23:40,57,0 days 01:26:29,84
Stad van de Zon,Mark Pelser,0 days 00:14:22,104,0 days 00:02:05,93,0 days 00:42:56,75,0 days 00:59:23,84,0 days 00:02:10,114,0 days 00:25:49,82,0 days 01:27:19,85
Stad van de Zon,Gerard Koopman,0 days 00:12:43,70,0 days 00:04:07,120,0 days 00:44:13,90,0 days 01:01:03,95,0 days 00:01:09,61,0 days 00:25:14,77,0 days 01:27:24,86
Stad van de Zon,Koen van der Meer,0 days 00:13:08,83,0 days 00:02:04,92,0 days 00:46:32,104,0 days 01:01:44,99,0 days 00:01:16,72,0 days 00:24:48,71,0 days 01:27:46,87
Stad van de Zon,Dennis Wardenaar,0 days 00:12:23,60,0 days 00:02:07,96,0 days 00:45:27,96,0 days 00:59:57,89,0 days 00:01:26,86,0 days 00:26:37,89,0 days 01:27:57,88
Stad van de Zon,Peter Beerse,0 days 00:12:40,68,0 days 00:01:51,75,0 days 00:44:59,94,0 days 00:59:30,87,0 days 00:01:26,86,0 days 00:27:15,99,0 days 01:28:09,89
Stad van de Zon,Jorrit Zuiker,0 days 00:11:52,45,0 days 00:01:52,77,0 days 00:48:22,113,0 days 01:02:06,101,0 days 00:01:24,84,0 days 00:24:58,74,0 days 01:28:27,90
Stad van de Zon,Barry Hoogland,0 days 00:13:31,92,0 days 00:02:18,103,0 days 00:44:21,92,0 days 01:00:10,92,0 days 00:01:06,53,0 days 00:27:22,101,0 days 01:28:36,91
Stad van de Zon,Jeroen Wouda,0 days 00:13:38,94,0 days 00:02:31,113,0 days 00:46:09,101,0 days 01:02:18,103,0 days 00:01:15,69,0 days 00:25:05,75,0 days 01:28:37,92
Stad van de Zon,Erik Van der Noll,0 days 00:11:39,34,0 days 00:01:25,43,0 days 00:47:17,108,0 days 01:00:21,93,0 days 00:01:47,106,0 days 00:27:37,103,0 days 01:29:43,93
Stad van de Zon,Rens van Leeuwen,0 days 00:11:38,33,0 days 00:01:52,77,0 days 00:43:32,81,0 days 00:57:02,70,0 days 00:01:26,86,0 days 00:31:25,118,0 days 01:29:51,94
Stad van de Zon,Ralph van der Molen,0 days 00:15:04,107,0 days 00:02:01,88,0 days 00:45:52,99,0 days 01:02:57,108,0 days 00:01:18,74,0 days 00:25:39,79,0 days 01:29:51,94
Stad van de Zon,Dick Commandeur,0 days 00:15:07,108,0 days 00:01:59,83,0 days 00:42:45,73,0 days 00:59:51,88,0 days 00:01:45,104,0 days 00:28:19,109,0 days 01:29:52,96
Stad van de Zon,Jos van de Pol,0 days 00:12:22,59,0 days 00:01:21,35,0 days 00:43:55,85,0 days 00:57:38,76,0 days 00:01:22,80,0 days 00:31:14,116,0 days 01:30:12,97
Stad van de Zon,Jacco van der Werff,0 days 00:16:17,114,0 days 00:02:43,114,0 days 00:43:14,79,0 days 01:02:14,102,0 days 00:02:06,113,0 days 00:26:05,85,0 days 01:30:23,98
Stad van de Zon,Leen van Dipten,0 days 00:14:04,100,0 days 00:01:53,79,0 days 00:44:10,88,0 days 01:00:07,90,0 days 00:01:50,108,0 days 00:28:40,111,0 days 01:30:36,99
Stad van de Zon,Bryan Currie,0 days 00:15:18,112,0 days 00:01:44,68,0 days 00:46:34,105,0 days 01:03:36,110,0 days 00:02:26,118,0 days 00:24:55,73,0 days 01:30:54,100
Stad van de Zon,Walter Langedijk,0 days 00:13:38,94,0 days 00:02:06,94,0 days 00:47:03,107,0 days 01:02:47,106,0 days 00:01:29,93,0 days 00:26:49,94,0 days 01:31:04,101
Stad van de Zon,Sam Snaas,0 days 00:12:47,71,0 days 00:02:24,110,0 days 00:46:50,106,0 days 01:02:01,100,0 days 00:02:34,120,0 days 00:27:13,98,0 days 01:31:47,102
Stad van de Zon,Jan Duijzer,0 days 00:18:01,118,0 days 00:03:55,119,0 days 00:42:37,71,0 days 01:04:33,113,0 days 00:01:23,82,0 days 00:25:56,83,0 days 01:31:50,103
Stad van de Zon,Hans Luyckx,0 days 00:14:26,105,0 days 00:02:11,101,0 days 00:45:58,100,0 days 01:02:35,105,0 days 00:01:42,103,0 days 00:28:02,106,0 days 01:32:17,104
Stad van de Zon,Erik van Rijn,0 days 00:14:04,100,0 days 00:01:46,69,0 days 00:47:28,110,0 days 01:03:18,109,0 days 00:01:04,46,0 days 00:27:56,105,0 days 01:32:17,104
Stad van de Zon,Dennis Tesselaar,0 days 00:17:00,116,0 days 00:02:22,107,0 days 00:43:07,78,0 days 01:02:29,104,0 days 00:01:53,110,0 days 00:28:31,110,0 days 01:32:52,106
Stad van de Zon,Mark Prins,0 days 00:13:17,88,0 days 00:02:23,108,0 days 00:45:45,98,0 days 01:01:25,98,0 days 00:01:25,85,0 days 00:30:49,115,0 days 01:33:37,107
Stad van de Zon,Lucas Oliveira Teixeira,0 days 00:12:52,78,0 days 00:01:49,72,0 days 00:48:14,112,0 days 01:02:55,107,0 days 00:01:41,102,0 days 00:29:30,112,0 days 01:34:03,108
Stad van de Zon,Sander van Houten,0 days 00:12:25,62,0 days 00:01:58,82,0 days 00:49:18,118,0 days 01:03:41,111,0 days 00:02:18,116,0 days 00:28:09,108,0 days 01:34:06,109
Stad van de Zon,Mathijs Leurs,0 days 00:15:12,111,0 days 00:02:56,115,0 days 00:49:16,117,0 days 01:07:24,116,0 days 00:01:56,111,0 days 00:27:01,95,0 days 01:36:20,110
Stad van de Zon,RenÃƒÂ© Mulder,0 days 00:12:48,73,0 days 00:02:10,100,0 days 00:48:50,115,0 days 01:03:48,112,0 days 00:01:26,86,0 days 00:31:17,117,0 days 01:36:30,111
Stad van de Zon,Frank van Westerop,0 days 00:18:19,120,0 days 00:04:49,123,0 days 00:48:12,111,0 days 01:11:20,119,0 days 00:01:45,104,0 days 00:23:47,59,0 days 01:36:50,112
Stad van de Zon,Chris Vermeulen,0 days 00:15:20,113,0 days 00:02:29,112,0 days 00:49:14,116,0 days 01:07:03,115,0 days 00:01:26,86,0 days 00:29:47,114,0 days 01:38:15,113
Stad van de Zon,Danny van Dijk,0 days 00:16:55,115,0 days 00:04:25,122,0 days 00:49:25,119,0 days 01:10:45,118,0 days 00:02:02,112,0 days 00:26:03,84,0 days 01:38:48,114
Stad van de Zon,Irmo Keulen,0 days 00:15:09,109,0 days 00:01:35,59,0 days 00:48:30,114,0 days 01:05:14,114,0 days 00:01:30,94,0 days 00:33:32,119,0 days 01:40:14,115
Stad van de Zon,Edo Pruim,0 days 00:17:06,117,0 days 00:03:00,116,0 days 00:53:16,120,0 days 01:13:22,120,0 days 00:02:33,119,0 days 00:26:27,86,0 days 01:42:19,116
Stad van de Zon,Korstiaan Wassenaar,0 days 00:20:11,122,0 days 00:03:15,117,0 days 00:53:21,121,0 days 01:16:47,121,0 days 00:01:35,99,0 days 00:27:33,102,0 days 01:45:53,117
Stad van de Zon,Erik ten Buren,0 days 00:18:09,119,0 days 00:03:15,117,0 days 00:47:20,109,0 days 01:08:44,117,0 days 00:03:12,121,0 days 00:34:21,120,0 days 01:46:14,118
Stad van de Zon,Ronald Remijn,0 days 00:18:37,121,0 days 00:02:20,105,0 days 00:59:12,122,0 days 01:20:09,122,0 days 00:01:50,108,0 days 00:29:46,113,0 days 01:51:44,119
Stad van de Zon,Werner Walraven,0 days 00:22:27,123,0 days 00:04:09,121,0 days 00:59:24,123,0 days 01:26:00,123,0 days 00:00:38,6,0 days 00:26:29,87,0 days 01:53:04,120
Stad van de Zon,Alan Simmonds,0 days 00:13:15,86,0 days 00:01:05,24,0 days 00:42:16,68,0 days 00:56:36,67,0 days 00:00:53,27,,,,121
Stad van de Zon,Maurice Vlek,0 days 00:13:04,81,0 days 00:01:29,50,0 days 00:46:20,103,0 days 01:00:53,94,,,,,,121
Stad van de Zon,Thierry Spaans,0 days 00:14:49,106,0 days 00:01:24,40,0 days 00:41:08,51,0 days 00:57:21,74,,,,,,121
Langedijk,Twan Berlijn,0 days 00:08:23,2,0 days 00:01:09,2,0 days 00:29:40,3,0 days 00:39:12,4,0 days 00:01:01,2,0 days 00:16:40,2,0 days 00:56:51,1
Langedijk,Thijs van der Zee,0 days 00:08:39,5,0 days 00:01:12,3,0 days 00:29:16,2,0 days 00:39:07,3,0 days 00:01:04,3,0 days 00:18:03,7,0 days 00:58:12,2
Langedijk,Joris de Boer,0 days 00:09:02,8,0 days 00:01:02,1,0 days 00:30:27,4,0 days 00:40:31,5,0 days 00:01:10,8,0 days 00:17:21,5,0 days 00:59:00,3
Langedijk,Kay Blokdijk,0 days 00:09:45,15,0 days 00:01:17,6,0 days 00:30:40,6,0 days 00:41:42,6,0 days 00:01:21,24,0 days 00:18:07,8,0 days 01:01:08,4
Langedijk,Bradley van Hooff,0 days 00:08:51,7,0 days 00:01:17,6,0 days 00:33:20,23,0 days 00:43:28,13,0 days 00:01:19,18,0 days 00:16:50,3,0 days 01:01:34,5
Langedijk,Michael Emmerik,0 days 00:11:44,50,0 days 00:01:14,4,0 days 00:30:28,5,0 days 00:43:26,12,0 days 00:01:13,9,0 days 00:17:13,4,0 days 01:01:50,6
Langedijk,Sven de Haas,0 days 00:08:24,3,0 days 00:01:15,5,0 days 00:33:10,21,0 days 00:42:49,9,0 days 00:01:05,4,0 days 00:18:38,12,0 days 01:02:30,7
Langedijk,Paul Nieuwenhuizen,0 days 00:09:47,16,0 days 00:01:28,17,0 days 00:31:19,9,0 days 00:42:34,8,0 days 00:01:14,11,0 days 00:18:48,13,0 days 01:02:34,8
Langedijk,Jos Smit,0 days 00:09:22,12,0 days 00:01:46,32,0 days 00:31:25,10,0 days 00:42:33,7,0 days 00:01:18,16,0 days 00:18:50,14,0 days 01:02:39,9
Langedijk,Rinse van de Ouweelen,0 days 00:09:06,9,0 days 00:01:25,13,0 days 00:32:54,20,0 days 00:43:25,11,0 days 00:01:20,20,0 days 00:18:23,10,0 days 01:03:06,10
Langedijk,Jos Pronk,0 days 00:10:19,21,0 days 00:02:00,52,0 days 00:30:57,8,0 days 00:43:16,10,0 days 00:01:23,29,0 days 00:19:04,18,0 days 01:03:40,11
Langedijk,Maarten Moes,0 days 00:00:11,1,0 days 00:01:22,12,0 days 00:32:11,15,0 days 00:33:44,2,0 days 00:01:19,18,0 days 00:18:56,17,0 days 01:04:46,12
Langedijk,Co van Bueren,0 days 00:10:44,28,0 days 00:01:43,28,0 days 00:32:14,16,0 days 00:44:41,16,0 days 00:01:21,24,0 days 00:18:52,16,0 days 01:04:53,13
Langedijk,Robin Marees,0 days 00:11:05,33,0 days 00:01:39,23,0 days 00:32:02,13,0 days 00:44:46,17,0 days 00:01:34,41,0 days 00:19:09,20,0 days 01:05:27,14
Langedijk,Erik Buis,,,,,,,,,,,,,0 days 01:05:48,15
Langedijk,Dave de Groot,0 days 00:13:09,82,0 days 00:01:27,15,0 days 00:31:34,11,0 days 00:46:10,24,0 days 00:01:20,20,0 days 00:18:22,9,0 days 01:05:50,16
Langedijk,Mitchell Tijsen,0 days 00:11:15,37,0 days 00:01:39,23,0 days 00:31:36,12,0 days 00:44:30,15,0 days 00:01:21,24,0 days 00:20:09,34,0 days 01:05:59,17
Langedijk,Koen van Wieren,0 days 00:11:17,38,0 days 00:02:34,82,0 days 00:32:18,18,0 days 00:46:09,23,0 days 00:01:29,35,0 days 00:18:26,11,0 days 01:06:01,18
Langedijk,Onno Timmermans,0 days 00:12:13,60,0 days 00:02:03,55,0 days 00:30:47,7,0 days 00:45:03,20,0 days 00:01:17,14,0 days 00:19:55,27,0 days 01:06:12,19
Langedijk,Michael Smit,0 days 00:08:36,4,0 days 00:01:18,10,0 days 00:34:26,35,0 days 00:44:20,14,0 days 00:01:55,76,0 days 00:20:14,36,0 days 01:06:26,20
Langedijk,Bob Ellermeijer,0 days 00:08:49,6,0 days 00:01:48,36,0 days 00:34:15,33,0 days 00:44:52,18,0 days 00:01:34,41,0 days 00:20:05,32,0 days 01:06:29,21
Langedijk,Edward Kardinaal,0 days 00:09:38,14,0 days 00:01:17,6,0 days 00:33:58,30,0 days 00:44:53,19,0 days 00:01:26,30,0 days 00:20:48,46,0 days 01:07:04,22
Langedijk,Mark Boks,0 days 00:11:08,35,0 days 00:01:46,32,0 days 00:32:28,19,0 days 00:45:22,21,0 days 00:01:27,33,0 days 00:20:28,40,0 days 01:07:15,23
Langedijk,Jan Hof,0 days 00:11:29,44,0 days 00:01:55,45,0 days 00:33:15,22,0 days 00:46:39,26,0 days 00:01:52,68,0 days 00:19:11,21,0 days 01:07:40,24
Langedijk,Dennis Schipper,0 days 00:10:11,20,0 days 00:01:38,22,0 days 00:35:38,56,0 days 00:47:27,35,0 days 00:01:20,20,0 days 00:19:04,18,0 days 01:07:50,25
Langedijk,Rens Zuurbier,0 days 00:11:45,52,0 days 00:01:53,44,0 days 00:34:07,32,0 days 00:47:45,37,0 days 00:01:21,24,0 days 00:18:50,14,0 days 01:07:55,26
Langedijk,Bart Kuilboer,0 days 00:11:09,36,0 days 00:01:27,15,0 days 00:34:04,31,0 days 00:46:40,27,0 days 00:01:26,30,0 days 00:19:58,28,0 days 01:08:02,27
Langedijk,Joost Baalbergen,0 days 00:12:28,67,0 days 00:02:33,80,0 days 00:32:03,14,0 days 00:47:04,32,0 days 00:01:46,62,0 days 00:19:33,23,0 days 01:08:22,28
Langedijk,Toby van Hooff,0 days 00:09:32,13,0 days 00:01:39,23,0 days 00:35:32,53,0 days 00:46:43,30,0 days 00:01:26,30,0 days 00:20:30,42,0 days 01:08:37,29
Langedijk,Ruud Doodeman,0 days 00:10:26,25,0 days 00:01:21,11,0 days 00:35:43,58,0 days 00:47:30,36,0 days 00:01:13,9,0 days 00:19:58,28,0 days 01:08:38,30
Langedijk,Nico Buddelmeijer,0 days 00:10:09,18,0 days 00:01:50,38,0 days 00:33:49,29,0 days 00:45:48,22,0 days 00:01:31,37,0 days 00:21:22,59,0 days 01:08:40,31
Langedijk,Sandy de Joode,0 days 00:12:45,72,0 days 00:01:29,19,0 days 00:33:31,25,0 days 00:47:45,37,0 days 00:01:09,6,0 days 00:19:59,30,0 days 01:08:51,32
Langedijk,Martijn Stengewis,0 days 00:11:39,48,0 days 00:02:22,72,0 days 00:32:16,17,0 days 00:46:17,25,0 days 00:01:43,54,0 days 00:21:10,57,0 days 01:09:08,33
Langedijk,Sjoerd Baas,0 days 00:11:44,50,0 days 00:01:44,29,0 days 00:33:41,28,0 days 00:47:09,33,0 days 00:01:43,54,0 days 00:20:20,39,0 days 01:09:10,34
Langedijk,Maarten Kamsma,0 days 00:11:34,46,0 days 00:01:28,17,0 days 00:33:39,27,0 days 00:46:41,29,0 days 00:01:14,11,0 days 00:21:26,61,0 days 01:09:20,35
Langedijk,Ronald de Groot,0 days 00:11:29,44,0 days 00:01:47,35,0 days 00:33:24,24,0 days 00:46:40,27,0 days 00:01:42,51,0 days 00:21:04,54,0 days 01:09:23,36
Langedijk,Mathijs Ippel,0 days 00:10:19,21,0 days 00:01:17,6,0 days 00:37:23,76,0 days 00:48:59,45,0 days 00:01:18,16,0 days 00:19:16,22,0 days 01:09:31,37
Langedijk,Christiaan Schipper,0 days 00:12:10,59,0 days 00:01:41,27,0 days 00:34:51,42,0 days 00:48:42,42,0 days 00:01:36,44,0 days 00:20:02,31,0 days 01:10:18,38
Langedijk,Mees Meuge,0 days 00:10:09,18,0 days 00:01:26,14,0 days 00:37:25,78,0 days 00:49:00,46,0 days 00:01:08,5,0 days 00:20:28,40,0 days 01:10:34,39
Langedijk,Edward Meeuwisse,0 days 00:10:36,27,0 days 00:01:44,29,0 days 00:35:46,60,0 days 00:48:06,40,0 days 00:01:42,51,0 days 00:20:57,50,0 days 01:10:43,40
Langedijk,Boris Leegwater,0 days 00:13:21,83,0 days 00:01:56,47,0 days 00:34:42,38,0 days 00:49:59,58,0 days 00:01:16,13,0 days 00:19:38,25,0 days 01:10:50,41
Langedijk,Nick Broerse,0 days 00:10:57,29,0 days 00:02:37,85,0 days 00:35:42,57,0 days 00:49:16,49,0 days 00:01:44,56,0 days 00:20:18,38,0 days 01:11:16,42
Langedijk,Jeroen Langenberg,0 days 00:11:27,43,0 days 00:01:51,39,0 days 00:35:25,51,0 days 00:48:43,43,0 days 00:01:44,56,0 days 00:20:56,49,0 days 01:11:22,43
Langedijk,Frank Potter,0 days 00:12:06,57,0 days 00:01:51,39,0 days 00:35:18,46,0 days 00:49:15,47,0 days 00:01:46,62,0 days 00:20:44,45,0 days 01:11:43,44
Langedijk,Kevin Kater,0 days 00:10:19,21,0 days 00:01:55,45,0 days 00:38:04,87,0 days 00:50:18,61,0 days 00:01:21,24,0 days 00:20:17,37,0 days 01:11:54,45
Langedijk,Pascal Sijm,0 days 00:11:22,41,0 days 00:02:30,77,0 days 00:35:24,49,0 days 00:49:16,49,0 days 00:01:27,33,0 days 00:21:29,62,0 days 01:12:11,46
Langedijk,Sander Bergers,0 days 00:11:41,49,0 days 00:02:25,74,0 days 00:35:13,44,0 days 00:49:19,52,0 days 00:01:45,58,0 days 00:21:22,59,0 days 01:12:24,47
Langedijk,Boy Schilder,0 days 00:12:36,69,0 days 00:02:37,85,0 days 00:35:50,61,0 days 00:51:03,64,0 days 00:01:20,20,0 days 00:20:07,33,0 days 01:12:28,48
Langedijk,Niels Romein,0 days 00:09:07,10,0 days 00:02:19,70,0 days 00:36:26,69,0 days 00:47:52,39,0 days 00:01:55,76,0 days 00:22:43,78,0 days 01:12:28,49
Langedijk,Martin Bloothoofd,0 days 00:12:17,62,0 days 00:02:30,77,0 days 00:34:30,36,0 days 00:49:17,51,0 days 00:01:38,47,0 days 00:21:44,65,0 days 01:12:37,50
Langedijk,Ruud Sweep,0 days 00:10:57,29,0 days 00:01:51,39,0 days 00:34:32,37,0 days 00:47:20,34,0 days 00:01:45,58,0 days 00:23:43,91,0 days 01:12:45,51
Langedijk,Robin van Stein,0 days 00:11:36,47,0 days 00:02:04,58,0 days 00:34:50,41,0 days 00:48:30,41,0 days 00:01:55,76,0 days 00:22:24,74,0 days 01:12:48,52
Langedijk,Joas Overgaag,0 days 00:12:22,65,0 days 00:01:49,37,0 days 00:35:24,49,0 days 00:49:35,54,0 days 00:01:41,49,0 days 00:21:55,69,0 days 01:13:09,53
Langedijk,John de Vos,0 days 00:11:04,32,0 days 00:02:50,91,0 days 00:37:17,75,0 days 00:51:11,66,0 days 00:01:37,46,0 days 00:20:51,47,0 days 01:13:37,54
Langedijk,Ruud Breed,0 days 00:11:55,54,0 days 00:02:18,67,0 days 00:35:08,43,0 days 00:49:21,53,0 days 00:01:46,62,0 days 00:22:39,76,0 days 01:13:44,55
Langedijk,Bert Westhoff,0 days 00:14:52,106,0 days 00:02:37,85,0 days 00:34:24,34,0 days 00:51:53,72,0 days 00:02:22,103,0 days 00:19:35,24,0 days 01:13:49,56
Langedijk,Bart Winter,0 days 00:12:21,63,0 days 00:01:58,50,0 days 00:37:53,85,0 days 00:52:12,76,0 days 00:01:32,38,0 days 00:20:11,35,0 days 01:13:52,57
Langedijk,Richard Leeman,0 days 00:13:46,93,0 days 00:03:06,102,0 days 00:37:06,73,0 days 00:53:58,87,0 days 00:02:03,84,0 days 00:17:58,6,0 days 01:13:57,58
Langedijk,Peter Duineveld,0 days 00:13:04,79,0 days 00:01:52,42,0 days 00:36:17,66,0 days 00:51:13,67,0 days 00:01:40,48,0 days 00:21:15,58,0 days 01:14:06,59
Langedijk,Owen van Hooff,0 days 00:11:57,55,0 days 00:02:00,52,0 days 00:35:18,46,0 days 00:49:15,47,0 days 00:01:32,38,0 days 00:23:29,87,0 days 01:14:14,60
Langedijk,Thomas Droog,0 days 00:14:19,98,0 days 00:01:58,50,0 days 00:35:36,54,0 days 00:51:53,72,0 days 00:01:42,51,0 days 00:21:03,53,0 days 01:14:37,61
Langedijk,Alan Simmonds,0 days 00:12:31,68,0 days 00:01:40,26,0 days 00:35:52,63,0 days 00:50:03,59,0 days 00:01:59,80,0 days 00:22:42,77,0 days 01:14:42,62
Langedijk,casey kruijer,0 days 00:11:46,53,0 days 00:01:33,21,0 days 00:38:54,94,0 days 00:52:13,77,0 days 00:01:32,38,0 days 00:20:58,51,0 days 01:14:42,63
Langedijk,Wouter Slijkerman,0 days 00:11:25,42,0 days 00:02:27,75,0 days 00:35:50,61,0 days 00:49:42,55,0 days 00:01:54,72,0 days 00:23:28,85,0 days 01:15:02,64
Langedijk,Rene Schouten,0 days 00:14:22,100,0 days 00:02:03,55,0 days 00:36:05,64,0 days 00:52:30,80,0 days 00:01:35,43,0 days 00:21:01,52,0 days 01:15:04,65
Langedijk,Erwin Boos,0 days 00:12:36,69,0 days 00:02:36,84,0 days 00:36:42,70,0 days 00:51:54,74,0 days 00:01:29,35,0 days 00:21:51,67,0 days 01:15:11,66
Langedijk,Arno Looijen,0 days 00:12:15,61,0 days 00:02:02,54,0 days 00:37:09,74,0 days 00:51:26,68,0 days 00:01:45,58,0 days 00:22:16,73,0 days 01:15:24,67
Langedijk,René Olij,0 days 00:11:06,34,0 days 00:01:57,48,0 days 00:36:50,71,0 days 00:49:53,56,0 days 00:01:49,67,0 days 00:23:44,92,0 days 01:15:25,68
Langedijk,Theo van der Fluit,0 days 00:10:26,25,0 days 00:02:24,73,0 days 00:37:05,72,0 days 00:49:55,57,0 days 00:02:07,89,0 days 00:23:38,89,0 days 01:15:37,69
Langedijk,Jeffrey Sekyireh,0 days 00:11:18,40,0 days 00:02:18,67,0 days 00:37:54,86,0 days 00:51:30,69,0 days 00:01:09,6,0 days 00:23:37,88,0 days 01:16:13,70
Langedijk,Roel Grandia,0 days 00:11:17,38,0 days 00:02:05,60,0 days 00:39:07,95,0 days 00:52:29,79,0 days 00:01:54,72,0 days 00:21:53,68,0 days 01:16:14,71
Langedijk,Kasper de Vos,0 days 00:12:46,73,0 days 00:02:06,61,0 days 00:41:25,103,0 days 00:56:17,100,,,,,0 days 01:16:39,72
Langedijk,Michel Van de Kuinder,0 days 00:12:06,57,0 days 00:03:24,107,0 days 00:37:43,82,0 days 00:53:13,85,0 days 00:01:53,70,0 days 00:21:34,63,0 days 01:16:39,73
Langedijk,Marco Weijers,0 days 00:13:24,85,0 days 00:02:51,92,0 days 00:35:15,45,0 days 00:51:30,69,0 days 00:01:36,44,0 days 00:23:39,90,0 days 01:16:42,74
Langedijk,Gerard Fijnheer,0 days 00:13:06,81,0 days 00:02:15,66,0 days 00:37:48,83,0 days 00:53:09,83,0 days 00:01:54,72,0 days 00:21:49,66,0 days 01:16:51,75
Langedijk,Thierry Spaans,0 days 00:14:01,94,0 days 00:02:09,63,0 days 00:35:36,54,0 days 00:51:46,71,0 days 00:02:01,82,0 days 00:23:13,84,0 days 01:16:58,76
Langedijk,Bart Brinkman,0 days 00:12:24,66,0 days 00:01:46,32,0 days 00:36:21,68,0 days 00:50:31,62,0 days 00:01:47,65,0 days 00:24:48,97,0 days 01:17:04,77
Langedijk,Erik Venema,0 days 00:14:25,101,0 days 00:01:45,31,0 days 00:36:07,65,0 days 00:52:17,78,0 days 00:01:52,68,0 days 00:22:59,83,0 days 01:17:05,78
Langedijk,Roelof Veenvliet,0 days 00:09:08,11,0 days 00:02:19,70,0 days 00:35:21,48,0 days 00:46:48,31,0 days 00:01:54,72,0 days 00:28:41,110,0 days 01:17:21,79
Langedijk,Jochem Droog,0 days 00:14:47,105,0 days 00:02:34,82,0 days 00:38:21,90,0 days 00:55:42,96,0 days 00:02:03,84,0 days 00:19:40,26,0 days 01:17:22,80
Langedijk,Alex Kugel,0 days 00:13:35,92,0 days 00:03:04,100,0 days 00:37:25,78,0 days 00:54:04,88,0 days 00:02:31,106,0 days 00:20:54,48,0 days 01:17:28,81
Langedijk,Samuel Mulders,0 days 00:09:51,17,0 days 00:02:58,96,0 days 00:38:08,88,0 days 00:50:57,63,0 days 00:01:53,70,0 days 00:25:01,99,0 days 01:17:48,82
Langedijk,Dennis Wardenaar,0 days 00:12:21,63,0 days 00:02:33,80,0 days 00:38:17,89,0 days 00:53:11,84,0 days 00:01:45,58,0 days 00:22:55,80,0 days 01:17:50,83
Langedijk,Maarten Boer,0 days 00:13:31,90,0 days 00:01:57,48,0 days 00:00:38,1,0 days 00:16:06,1,0 days 00:02:14,97,0 days 00:22:30,75,0 days 01:18:10,84
Langedijk,Dirk-Jan Lieuwes,0 days 00:14:37,103,0 days 00:02:52,93,0 days 00:33:36,26,0 days 00:51:05,65,0 days 00:03:11,110,0 days 00:24:19,93,0 days 01:18:33,85
Langedijk,Ruben Schoutsen,0 days 00:14:19,98,0 days 00:02:43,90,0 days 00:38:41,93,0 days 00:55:43,97,0 days 00:02:14,97,0 days 00:20:43,44,0 days 01:18:37,86
Langedijk,Teun Bastings,0 days 00:13:22,84,0 days 00:02:30,77,0 days 00:38:39,92,0 days 00:54:31,92,0 days 00:02:16,100,0 days 00:21:57,70,0 days 01:18:43,87
Langedijk,Jan Duijzer,0 days 00:17:11,112,0 days 00:02:07,62,0 days 00:34:49,40,0 days 00:54:07,89,0 days 00:02:09,91,0 days 00:22:45,79,0 days 01:18:59,88
Langedijk,Rob Koning,0 days 00:13:28,87,0 days 00:04:12,111,0 days 00:37:52,84,0 days 00:55:32,95,0 days 00:02:37,107,0 days 00:21:05,55,0 days 01:19:12,89
Langedijk,Leen van Dipten,0 days 00:12:58,78,0 days 00:02:11,64,0 days 00:37:24,77,0 days 00:52:33,81,0 days 00:01:47,65,0 days 00:25:01,99,0 days 01:19:19,90
Langedijk,Jos van de Pol,0 days 00:10:57,29,0 days 00:01:32,20,0 days 00:36:17,66,0 days 00:48:46,44,0 days 00:02:07,89,0 days 00:28:30,109,0 days 01:19:20,91
Langedijk,Dennis Tesselaar,0 days 00:12:55,77,0 days 00:03:28,110,0 days 00:35:43,58,0 days 00:52:06,75,0 days 00:02:28,105,0 days 00:25:03,101,0 days 01:19:36,92
Langedijk,Wouter Weijland,0 days 00:14:33,102,0 days 00:03:00,97,0 days 00:39:37,97,0 days 00:57:10,102,0 days 00:01:56,79,0 days 00:20:42,43,0 days 01:19:46,93
Langedijk,Dries Leegwater,0 days 00:13:28,87,0 days 00:02:03,55,0 days 00:34:45,39,0 days 00:50:16,60,0 days 00:02:01,82,0 days 00:27:34,107,0 days 01:19:49,94
Langedijk,Walter Langedijk,0 days 00:12:47,74,0 days 00:02:13,65,0 days 00:39:55,98,0 days 00:54:55,93,0 days 00:01:59,80,0 days 00:22:57,81,0 days 01:19:49,95
Langedijk,Barry Hoogland,0 days 00:13:25,86,0 days 00:03:14,104,0 days 00:37:39,81,0 days 00:54:18,91,0 days 00:02:05,87,0 days 00:00:24,1,0 days 01:20:21,96
Langedijk,Dick Commandeur,0 days 00:14:12,96,0 days 00:03:05,101,0 days 00:35:31,52,0 days 00:52:48,82,0 days 00:02:11,94,0 days 00:26:01,104,0 days 01:20:58,97
Langedijk,Jan Biersteker,0 days 00:12:47,74,0 days 00:03:25,108,0 days 00:41:07,101,0 days 00:57:19,103,0 days 00:02:03,84,0 days 00:21:42,64,0 days 01:21:02,98
Langedijk,Stefan Smit,0 days 00:10:23,24,0 days 00:01:52,42,0 days 00:41:56,105,0 days 00:54:11,90,0 days 00:02:41,109,0 days 00:24:20,94,0 days 01:21:11,99
Langedijk,Dave Smit,0 days 00:12:38,71,0 days 00:02:29,76,0 days 00:38:27,91,0 days 00:53:34,86,0 days 00:02:05,87,0 days 00:25:36,103,0 days 01:21:14,100
Langedijk,Erik van Rijn,0 days 00:12:49,76,0 days 00:02:18,67,0 days 00:40:05,99,0 days 00:55:12,94,0 days 00:01:41,49,0 days 00:24:31,95,0 days 01:21:22,101
Langedijk,Richard Boos,0 days 00:13:05,80,0 days 00:03:23,106,0 days 00:42:32,106,0 days 00:59:00,105,0 days 00:02:10,93,0 days 00:21:05,55,0 days 01:22:13,102
Langedijk,Bas Francis,0 days 00:16:11,110,0 days 00:02:04,58,0 days 00:37:30,80,0 days 00:55:45,98,0 days 00:02:15,99,0 days 00:24:47,96,0 days 01:22:45,103
Langedijk,Jeroen Rijvordt,0 days 00:12:04,56,0 days 00:03:01,99,0 days 00:41:10,102,0 days 00:56:15,99,0 days 00:02:13,96,0 days 00:24:51,98,0 days 01:23:17,104
Langedijk,Sem Dekker,0 days 00:14:41,104,0 days 00:03:00,97,0 days 00:42:59,108,0 days 01:00:40,108,0 days 00:00:53,1,0 days 00:22:08,72,0 days 01:23:40,105
Langedijk,Martijn Gootjes,0 days 00:13:31,90,0 days 00:02:40,89,0 days 00:40:28,100,0 days 00:56:39,101,0 days 00:02:09,91,0 days 00:25:19,102,0 days 01:24:05,106
Langedijk,Wouter Visser,0 days 00:13:30,89,0 days 00:03:16,105,0 days 00:42:36,107,0 days 00:59:22,106,0 days 00:02:17,101,0 days 00:26:06,105,0 days 01:27:43,107
Langedijk,Jacco Kat,0 days 00:15:41,108,0 days 00:02:55,95,0 days 00:44:28,111,0 days 01:03:04,110,0 days 00:02:37,107,0 days 00:22:05,71,0 days 01:27:44,108
Langedijk,Maurits Bakkum,0 days 00:15:51,109,0 days 00:02:39,88,0 days 00:39:25,96,0 days 00:57:55,104,0 days 00:02:18,102,0 days 00:27:45,108,0 days 01:27:54,109
Langedijk,gerjo Boos,0 days 00:14:06,95,0 days 00:05:02,112,0 days 00:44:28,111,0 days 01:03:36,112,0 days 00:01:17,14,0 days 00:23:28,85,0 days 01:28:18,110
Langedijk,Chris Vermeulen,0 days 00:15:12,107,0 days 00:03:25,108,0 days 00:41:26,104,0 days 01:00:03,107,0 days 00:02:11,94,0 days 00:26:29,106,0 days 01:28:41,111
Langedijk,Edo Pruim,0 days 00:16:49,111,0 days 00:03:11,103,0 days 00:43:13,109,0 days 01:03:13,111,0 days 00:03:16,111,0 days 00:22:57,81,0 days 01:29:23,112
Langedijk,Wiebe Hovingh,0 days 00:14:17,97,0 days 00:02:53,94,0 days 00:44:07,110,0 days 01:01:17,109,0 days 00:02:24,104,0 days 00:30:51,111,0 days 01:34:30,113
Dirkshorn,Thijs van der Zee,0 days 00:08:42,2,0 days 00:00:33,1,0 days 00:29:18,1,0 days 00:38:33,1,0 days 00:00:30,2,0 days 00:17:59,1,0 days 00:57:02,1
Dirkshorn,Joris de Boer,0 days 00:08:54,4,0 days 00:00:34,3,0 days 00:29:43,2,0 days 00:39:11,2,0 days 00:00:30,2,0 days 00:18:11,2,0 days 00:57:51,2
Dirkshorn,Kay Blokdijk,0 days 00:09:44,7,0 days 00:00:36,5,0 days 00:30:43,4,0 days 00:41:03,3,0 days 00:00:39,12,0 days 00:19:48,8,0 days 01:01:28,3
Dirkshorn,Michael Emmerik,0 days 00:11:39,30,0 days 00:00:45,9,0 days 00:30:52,5,0 days 00:43:16,8,0 days 00:00:42,16,0 days 00:18:18,3,0 days 01:02:14,4
Dirkshorn,Paul Nieuwenhuizen,0 days 00:09:48,9,0 days 00:00:59,23,0 days 00:31:11,6,0 days 00:41:58,5,0 days 00:00:40,13,0 days 00:19:41,7,0 days 01:02:17,5
Dirkshorn,Arno van Zwieten,0 days 00:09:38,6,0 days 00:00:52,14,0 days 00:31:26,8,0 days 00:41:56,4,0 days 00:00:35,8,0 days 00:20:15,11,0 days 01:02:45,6
Dirkshorn,Erik Buis,0 days 00:11:15,22,0 days 00:00:56,18,0 days 00:31:48,9,0 days 00:43:59,13,0 days 00:00:43,17,0 days 00:18:33,4,0 days 01:03:14,7
Dirkshorn,Maarten Moes,0 days 00:10:43,17,0 days 00:00:45,9,0 days 00:32:15,11,0 days 00:43:43,10,0 days 00:00:48,20,0 days 00:19:09,5,0 days 01:03:39,8
Dirkshorn,Onno Timmermans,0 days 00:11:34,28,0 days 00:00:58,21,0 days 00:30:18,3,0 days 00:42:50,7,0 days 00:00:58,36,0 days 00:20:35,14,0 days 01:04:22,9
Dirkshorn,Sven de Haas,0 days 00:08:41,1,0 days 00:00:35,4,0 days 00:34:09,20,0 days 00:43:25,9,0 days 00:00:31,4,0 days 00:20:31,13,0 days 01:04:26,10
Dirkshorn,Co van Bueren,0 days 00:10:38,15,0 days 00:00:38,6,0 days 00:32:35,12,0 days 00:43:51,11,0 days 00:00:49,22,0 days 00:20:13,10,0 days 01:04:51,11
Dirkshorn,Thijs de Lange,0 days 00:09:44,7,0 days 00:00:52,14,0 days 00:31:23,7,0 days 00:41:59,6,0 days 00:00:49,22,0 days 00:22:36,35,0 days 01:05:23,12
Dirkshorn,Bob Ellermeijer,0 days 00:08:50,3,0 days 00:00:59,23,0 days 00:34:07,19,0 days 00:43:56,12,0 days 00:00:59,39,0 days 00:21:30,24,0 days 01:06:23,13
Dirkshorn,Mitchell Tijsen,0 days 00:11:54,35,0 days 00:00:51,12,0 days 00:32:07,10,0 days 00:44:52,14,0 days 00:00:54,30,0 days 00:20:52,17,0 days 01:06:37,14
Dirkshorn,Mathijs Ippel,0 days 00:10:15,10,0 days 00:00:33,1,0 days 00:35:37,38,0 days 00:46:25,22,0 days 00:00:36,9,0 days 00:20:11,9,0 days 01:07:11,15
Dirkshorn,Rens Zuurbier,0 days 00:12:19,46,0 days 00:01:02,27,0 days 00:32:53,13,0 days 00:46:14,19,0 days 00:00:33,6,0 days 00:20:35,14,0 days 01:07:20,16
Dirkshorn,Erik Visser,0 days 00:11:11,19,0 days 00:00:56,18,0 days 00:33:38,17,0 days 00:45:45,15,0 days 00:00:38,11,0 days 00:21:22,22,0 days 01:07:44,17
Dirkshorn,Ruud Doodeman,0 days 00:10:29,12,0 days 00:00:40,7,0 days 00:35:03,29,0 days 00:46:12,18,0 days 00:00:40,13,0 days 00:20:57,18,0 days 01:07:48,18
Dirkshorn,Ronald de Groot,0 days 00:12:02,37,0 days 00:00:58,21,0 days 00:33:19,16,0 days 00:46:19,21,0 days 00:00:56,33,0 days 00:21:51,26,0 days 01:09:05,19
Dirkshorn,Robin Kaag,0 days 00:10:37,14,0 days 00:00:54,16,0 days 00:34:32,24,0 days 00:46:03,16,0 days 00:00:56,33,0 days 00:22:14,30,0 days 01:09:12,20
Dirkshorn,David van der Welle,0 days 00:10:35,13,0 days 00:01:18,43,0 days 00:36:34,46,0 days 00:48:27,29,0 days 00:01:31,72,0 days 00:19:25,6,0 days 01:09:21,21
Dirkshorn,Lucas Blok,0 days 00:11:26,24,0 days 00:00:59,23,0 days 00:34:20,21,0 days 00:46:45,23,0 days 00:00:41,15,0 days 00:22:10,29,0 days 01:09:36,22
Dirkshorn,Joost Baalbergen,0 days 00:11:45,32,0 days 00:01:12,35,0 days 00:33:18,15,0 days 00:46:15,20,0 days 00:01:12,56,0 days 00:22:15,31,0 days 01:09:41,23
Dirkshorn,Ruud Koopman,0 days 00:09:08,5,0 days 00:01:39,67,0 days 00:35:20,33,0 days 00:46:07,17,0 days 00:01:07,49,0 days 00:23:08,42,0 days 01:10:20,24
Dirkshorn,William Striet,0 days 00:11:33,27,0 days 00:01:56,77,0 days 00:35:39,39,0 days 00:49:08,36,0 days 00:01:01,41,0 days 00:20:22,12,0 days 01:10:30,25
Dirkshorn,Pascal Sijm,0 days 00:12:18,44,0 days 00:01:13,37,0 days 00:35:35,36,0 days 00:49:06,35,0 days 00:00:54,30,0 days 00:20:47,16,0 days 01:10:46,26
Dirkshorn,Martijn Stengewis,0 days 00:12:33,52,0 days 00:01:11,34,0 days 00:33:16,14,0 days 00:47:00,24,0 days 00:01:20,63,0 days 00:23:07,41,0 days 01:11:25,27
Dirkshorn,Guido Groet,0 days 00:12:42,56,0 days 00:00:55,17,0 days 00:35:49,40,0 days 00:49:26,37,0 days 00:00:51,26,0 days 00:21:13,21,0 days 01:11:29,28
Dirkshorn,Ramon Windt,0 days 00:12:18,44,0 days 00:01:08,32,0 days 00:34:00,18,0 days 00:47:26,25,0 days 00:01:34,76,0 days 00:22:46,38,0 days 01:11:43,29
Dirkshorn,Tim van Leeuwen,0 days 00:11:29,25,0 days 00:01:28,55,0 days 00:34:50,27,0 days 00:47:47,27,0 days 00:00:55,32,0 days 00:23:17,45,0 days 01:11:57,30
Dirkshorn,Bram Spaans,0 days 00:11:24,23,0 days 00:00:56,18,0 days 00:36:20,44,0 days 00:48:40,30,0 days 00:00:46,19,0 days 00:22:42,37,0 days 01:12:07,31
Dirkshorn,Mark van der Horst,0 days 00:11:12,20,0 days 00:00:59,23,0 days 00:35:54,41,0 days 00:48:05,28,0 days 00:00:44,18,0 days 00:23:54,49,0 days 01:12:42,32
Dirkshorn,Mees Meuge,0 days 00:10:19,11,0 days 00:00:46,11,0 days 00:37:49,61,0 days 00:48:54,33,0 days 00:00:33,6,0 days 00:23:38,47,0 days 01:13:04,33
Dirkshorn,Rob Zuidweg,0 days 00:13:23,65,0 days 00:01:18,43,0 days 00:35:15,31,0 days 00:49:56,39,0 days 00:01:31,72,0 days 00:21:42,25,0 days 01:13:06,34
Dirkshorn,Alan Simmonds,0 days 00:14:18,73,0 days 00:01:16,41,0 days 00:34:25,23,0 days 00:49:59,40,0 days 00:00:48,20,0 days 00:22:35,34,0 days 01:13:20,35
Dirkshorn,Ruud Sweep,0 days 00:12:07,40,0 days 00:01:02,27,0 days 00:34:34,25,0 days 00:47:43,26,0 days 00:01:03,45,0 days 00:24:35,57,0 days 01:13:21,36
Dirkshorn,Rens Klijbroek,0 days 00:10:40,16,0 days 00:01:47,72,0 days 00:37:15,55,0 days 00:49:42,38,0 days 00:01:17,61,0 days 00:22:26,33,0 days 01:13:23,37
Dirkshorn,Robin van Stein,0 days 00:12:09,41,0 days 00:01:14,39,0 days 00:35:34,35,0 days 00:48:57,34,0 days 00:00:58,36,0 days 00:23:43,48,0 days 01:13:36,38
Dirkshorn,Thomas Droog,0 days 00:13:07,63,0 days 00:01:10,33,0 days 00:36:03,42,0 days 00:50:20,45,0 days 00:00:59,39,0 days 00:22:51,39,0 days 01:14:08,39
Dirkshorn,Vin van Oeveren,0 days 00:11:59,36,0 days 00:01:18,43,0 days 00:35:28,34,0 days 00:48:45,31,0 days 00:00:58,36,0 days 00:24:45,58,0 days 01:14:27,40
Dirkshorn,Arjan Dekker,0 days 00:12:35,54,0 days 00:01:27,54,0 days 00:34:51,28,0 days 00:48:53,32,0 days 00:01:28,69,0 days 00:24:17,54,0 days 01:14:36,41
Dirkshorn,Adriaan Klijn,0 days 00:13:40,69,0 days 00:01:28,55,0 days 00:37:33,60,0 days 00:52:41,62,0 days 00:00:51,26,0 days 00:21:10,20,0 days 01:14:40,42
Dirkshorn,Danny Hajos,0 days 00:13:27,66,0 days 00:01:21,48,0 days 00:35:13,30,0 days 00:50:01,41,0 days 00:01:33,75,0 days 00:23:14,44,0 days 01:14:46,43
Dirkshorn,Bart Winter,0 days 00:12:35,54,0 days 00:01:07,30,0 days 00:38:21,66,0 days 00:52:03,57,0 days 00:00:50,24,0 days 00:21:56,27,0 days 01:14:47,44
Dirkshorn,Arno Looijen,0 days 00:11:42,31,0 days 00:01:13,37,0 days 00:37:24,58,0 days 00:50:19,44,0 days 00:01:08,51,0 days 00:23:26,46,0 days 01:14:52,45
Dirkshorn,casey kruijer,0 days 00:11:07,18,0 days 00:00:43,8,0 days 00:40:54,80,0 days 00:52:44,63,0 days 00:00:52,28,0 days 00:21:57,28,0 days 01:15:32,46
Dirkshorn,Mike Joris,0 days 00:11:53,34,0 days 00:01:47,72,0 days 00:36:41,47,0 days 00:50:21,46,0 days 00:01:04,46,0 days 00:24:31,56,0 days 01:15:54,47
Dirkshorn,Jeroen Anslijn,0 days 00:11:36,29,0 days 00:00:51,12,0 days 00:38:07,62,0 days 00:50:34,47,0 days 00:01:04,46,0 days 00:24:19,55,0 days 01:15:55,48
Dirkshorn,Bert Westhoff,0 days 00:16:04,80,0 days 00:02:44,84,0 days 00:34:38,26,0 days 00:53:26,68,0 days 00:01:14,59,0 days 00:21:23,23,0 days 01:16:02,49
Dirkshorn,Gerard Fijnheer,0 days 00:12:26,48,0 days 00:01:12,35,0 days 00:38:20,65,0 days 00:51:58,56,0 days 00:01:04,46,0 days 00:23:09,43,0 days 01:16:10,50
Dirkshorn,Edwin Aardenburg,0 days 00:17:43,86,0 days 00:01:29,58,0 days 00:35:15,31,0 days 00:54:27,73,0 days 00:00:57,35,0 days 00:20:57,18,0 days 01:16:20,51
Dirkshorn,Erik Venema,0 days 00:13:40,69,0 days 00:01:07,30,0 days 00:36:48,50,0 days 00:51:35,52,0 days 00:01:02,43,0 days 00:24:02,51,0 days 01:16:37,52
Dirkshorn,Erik Leibbrand,0 days 00:12:12,42,0 days 00:01:40,68,0 days 00:39:05,71,0 days 00:52:57,64,0 days 00:01:23,66,0 days 00:22:22,32,0 days 01:16:40,53
Dirkshorn,Marco Weijers,0 days 00:12:59,61,0 days 00:01:36,65,0 days 00:35:35,36,0 days 00:50:10,43,0 days 00:00:52,28,0 days 00:25:53,69,0 days 01:16:54,54
Dirkshorn,Theo van der Fluit,0 days 00:12:02,37,0 days 00:01:33,62,0 days 00:37:16,56,0 days 00:50:51,49,0 days 00:01:08,51,0 days 00:25:16,64,0 days 01:17:13,55
Dirkshorn,Leroy Koelman,0 days 00:13:27,66,0 days 00:01:23,51,0 days 00:38:17,64,0 days 00:53:07,65,0 days 00:01:30,71,0 days 00:22:52,40,0 days 01:17:27,56
Dirkshorn,Daniel Tesselaar,0 days 00:11:12,20,0 days 00:01:20,47,0 days 00:37:29,59,0 days 00:50:01,41,0 days 00:01:17,61,0 days 00:26:35,72,0 days 01:17:51,57
Dirkshorn,Roel Grandia,0 days 00:12:04,39,0 days 00:01:21,48,0 days 00:39:06,72,0 days 00:52:31,60,0 days 00:01:27,68,0 days 00:23:59,50,0 days 01:17:56,58
Dirkshorn,Jan Duijzer,0 days 00:16:08,81,0 days 00:01:16,41,0 days 00:34:20,21,0 days 00:51:44,54,0 days 00:01:21,64,0 days 00:24:55,60,0 days 01:17:57,59
Dirkshorn,Sam Snaas,0 days 00:12:25,47,0 days 00:02:48,86,0 days 00:36:57,52,0 days 00:52:10,58,0 days 00:01:54,82,0 days 00:24:08,53,0 days 01:18:10,60
Dirkshorn,Eric Ruiter,0 days 00:12:42,56,0 days 00:01:35,64,0 days 00:37:02,54,0 days 00:51:19,50,0 days 00:01:07,49,0 days 00:25:47,67,0 days 01:18:11,61
Dirkshorn,Barry Hoogland,0 days 00:12:26,48,0 days 00:01:49,74,0 days 00:37:20,57,0 days 00:51:35,52,0 days 00:01:02,43,0 days 00:25:46,66,0 days 01:18:21,62
Dirkshorn,Dennis Wardenaar,0 days 00:12:42,56,0 days 00:01:26,52,0 days 00:40:02,77,0 days 00:54:10,70,0 days 00:01:12,56,0 days 00:24:07,52,0 days 01:19:26,63
Dirkshorn,Tim Rentenaar,0 days 00:11:30,26,0 days 00:01:46,70,0 days 00:39:11,73,0 days 00:52:27,59,0 days 00:01:35,77,0 days 00:25:52,68,0 days 01:19:51,64
Dirkshorn,Leen van Dipten,0 days 00:13:14,64,0 days 00:01:26,52,0 days 00:36:44,49,0 days 00:51:24,51,0 days 00:01:38,79,0 days 00:26:52,78,0 days 01:19:53,65
Dirkshorn,Wouter van Onzenoort,0 days 00:12:34,53,0 days 00:01:28,55,0 days 00:38:33,68,0 days 00:52:35,61,0 days 00:01:08,51,0 days 00:26:23,71,0 days 01:20:05,66
Dirkshorn,Bas Francis,0 days 00:15:48,79,0 days 00:01:29,58,0 days 00:36:03,42,0 days 00:53:20,66,0 days 00:01:24,67,0 days 00:25:44,65,0 days 01:20:26,67
Dirkshorn,Jacco van der Werff,0 days 00:15:25,77,0 days 00:01:38,66,0 days 00:36:42,48,0 days 00:53:45,69,0 days 00:02:08,83,0 days 00:24:52,59,0 days 01:20:42,68
Dirkshorn,Walter Langedijk,0 days 00:13:04,62,0 days 00:01:33,62,0 days 00:39:46,76,0 days 00:54:23,72,0 days 00:00:29,1,0 days 00:26:50,76,0 days 01:21:40,69
Dirkshorn,Marco Heddes,0 days 00:12:29,50,0 days 00:01:19,46,0 days 00:36:49,51,0 days 00:50:37,48,0 days 00:01:53,81,0 days 00:29:15,82,0 days 01:21:43,70
Dirkshorn,Ralph van der Molen,0 days 00:15:15,76,0 days 00:01:21,48,0 days 00:38:38,69,0 days 00:55:14,76,0 days 00:01:50,80,0 days 00:25:14,62,0 days 01:22:16,71
Dirkshorn,Erik van Rijn,0 days 00:13:37,68,0 days 00:01:30,60,0 days 00:39:29,75,0 days 00:54:36,74,0 days 00:01:29,70,0 days 00:26:51,77,0 days 01:22:55,72
Dirkshorn,Pim van der Aa,0 days 00:12:53,60,0 days 00:01:52,76,0 days 00:40:47,79,0 days 00:55:32,78,0 days 00:01:22,65,0 days 00:26:15,70,0 days 01:23:08,73
Dirkshorn,Jerry van Sluis,0 days 00:16:54,84,0 days 00:01:50,75,0 days 00:41:33,83,0 days 01:00:17,83,0 days 00:00:31,4,0 days 00:22:36,35,0 days 01:23:23,74
Dirkshorn,Dick Commandeur,0 days 00:16:57,85,0 days 00:01:46,70,0 days 00:36:28,45,0 days 00:55:11,75,0 days 00:01:36,78,0 days 00:27:17,79,0 days 01:24:01,75
Dirkshorn,Jeroen Vriend,0 days 00:14:14,72,0 days 00:01:43,69,0 days 00:40:23,78,0 days 00:56:20,80,0 days 00:01:16,60,0 days 00:26:41,74,0 days 01:24:14,76
Dirkshorn,Eloy Anslijn,0 days 00:12:45,59,0 days 00:02:18,79,0 days 00:43:24,85,0 days 00:58:27,82,0 days 00:00:37,10,0 days 00:25:14,62,0 days 01:24:17,77
Dirkshorn,Peter Korver,0 days 00:14:32,74,0 days 00:02:29,80,0 days 00:38:26,67,0 days 00:55:27,77,0 days 00:01:12,56,0 days 00:29:35,84,0 days 01:26:13,78
Dirkshorn,Jan Klous,0 days 00:16:22,83,0 days 00:02:51,87,0 days 00:37:01,53,0 days 00:56:14,79,0 days 00:02:39,87,0 days 00:27:36,80,0 days 01:26:26,79
Dirkshorn,Alco van Engen,0 days 00:14:42,75,0 days 00:01:14,39,0 days 00:38:15,63,0 days 00:54:11,71,0 days 00:01:31,72,0 days 00:32:03,86,0 days 01:27:43,80
Dirkshorn,Peter Weijers,0 days 00:11:45,32,0 days 00:02:40,82,0 days 00:42:18,84,0 days 00:56:43,81,0 days 00:02:40,88,0 days 00:29:03,81,0 days 01:28:25,81
Dirkshorn,Edo Pruim,0 days 00:15:44,78,0 days 00:01:57,78,0 days 00:43:44,86,0 days 01:01:25,85,0 days 00:02:16,84,0 days 00:25:11,61,0 days 01:28:50,82
Dirkshorn,Joost Schouten,0 days 00:19:39,88,0 days 00:02:45,85,0 days 00:41:09,81,0 days 01:03:33,87,0 days 00:02:22,85,0 days 00:26:38,73,0 days 01:32:31,83
Dirkshorn,Marcel Schouten,0 days 00:17:56,87,0 days 00:04:17,88,0 days 00:41:17,82,0 days 01:03:30,86,0 days 00:02:23,86,0 days 00:26:41,74,0 days 01:32:32,84
Dirkshorn,Dion . Teigeler,0 days 00:14:08,71,0 days 00:02:43,83,0 days 00:43:52,87,0 days 01:00:43,84,0 days 00:01:08,51,0 days 00:31:52,85,0 days 01:33:41,85
Dirkshorn,Lucas van Rijn,0 days 00:16:11,82,0 days 00:02:35,81,0 days 00:47:38,88,0 days 01:06:24,88,0 days 00:00:50,24,0 days 00:29:26,83,0 days 01:36:39,86
Dirkshorn,Kasper de Vos,0 days 00:12:14,43,0 days 00:01:02,27,0 days 00:38:39,70,0 days 00:51:55,55,0 days 00:01:01,41,,,,-1
Dirkshorn,Koen van der Meer,0 days 00:12:32,51,0 days 00:01:30,60,0 days 00:39:20,74,0 days 00:53:22,67,0 days 00:01:08,51,,,,-1
Niedorp,Tristan Olij,0 days 00:07:37,2,0 days 00:01:04,3,0 days 00:28:12,2,0 days 00:36:53,1,0 days 00:01:38,20,0 days 00:17:01,2,0 days 00:55:29,1
Niedorp,Noël Sterk,0 days 00:07:32,1,0 days 00:01:02,1,0 days 00:30:42,11,0 days 00:39:16,2,0 days 00:01:23,3,0 days 00:17:17,3,0 days 00:57:53,2
Niedorp,Josh Garrone,0 days 00:08:00,3,0 days 00:01:05,4,0 days 00:31:12,15,0 days 00:40:17,5,0 days 00:01:19,1,0 days 00:16:48,1,0 days 00:58:23,3
Niedorp,Emiel van Tongerlo,0 days 00:08:29,7,0 days 00:01:03,2,0 days 00:30:11,7,0 days 00:39:43,3,0 days 00:01:23,3,0 days 00:17:43,4,0 days 00:58:47,4
Niedorp,Thijs van der Zee,0 days 00:08:39,9,0 days 00:01:09,7,0 days 00:30:26,8,0 days 00:40:14,4,0 days 00:01:23,3,0 days 00:19:09,11,0 days 01:00:44,5
Niedorp,Kay Blokdijk,0 days 00:09:46,20,0 days 00:01:23,17,0 days 00:29:56,3,0 days 00:41:05,6,0 days 00:01:55,51,0 days 00:18:43,9,0 days 01:01:40,6
Niedorp,Mark Elbertsen,0 days 00:08:37,8,0 days 00:01:35,32,0 days 00:31:18,17,0 days 00:41:30,9,0 days 00:01:43,27,0 days 00:18:34,8,0 days 01:01:44,7
Niedorp,Owen van Hooff,0 days 00:08:39,9,0 days 00:01:07,6,0 days 00:33:10,36,0 days 00:42:56,17,0 days 00:01:33,14,0 days 00:17:43,4,0 days 01:02:10,8
Niedorp,Paul Nieuwenhuizen,0 days 00:09:27,18,0 days 00:01:12,8,0 days 00:30:52,13,0 days 00:41:31,10,0 days 00:01:29,9,0 days 00:19:53,22,0 days 01:02:50,9
Niedorp,Sven de Haas,0 days 00:08:17,4,0 days 00:01:12,8,0 days 00:32:33,28,0 days 00:42:02,12,0 days 00:01:28,7,0 days 00:19:24,13,0 days 01:02:52,10
Niedorp,Jos Smit,0 days 00:09:18,16,0 days 00:01:30,28,0 days 00:31:20,18,0 days 00:42:08,13,0 days 00:01:31,11,0 days 00:19:26,14,0 days 01:03:03,11
Niedorp,Rinse van de Ouweelen,0 days 00:09:10,14,0 days 00:01:21,14,0 days 00:31:42,21,0 days 00:42:13,14,0 days 00:01:52,44,0 days 00:19:07,10,0 days 01:03:10,12
Niedorp,Jos Pronk,0 days 00:09:47,22,0 days 00:02:02,79,0 days 00:30:10,6,0 days 00:41:59,11,0 days 00:01:47,32,0 days 00:19:39,20,0 days 01:03:24,13
Niedorp,Arno van Zwieten,0 days 00:09:59,26,0 days 00:01:41,42,0 days 00:30:33,9,0 days 00:42:13,14,0 days 00:01:42,26,0 days 00:19:39,20,0 days 01:03:32,14
Niedorp,Koos Zut,0 days 00:09:25,17,0 days 00:01:25,21,0 days 00:30:38,10,0 days 00:41:28,8,0 days 00:02:01,66,0 days 00:20:09,29,0 days 01:03:36,15
Niedorp,Michael Emmerik,0 days 00:12:47,99,0 days 00:01:39,40,0 days 00:30:00,4,0 days 00:44:26,22,0 days 00:01:29,9,0 days 00:18:05,6,0 days 01:03:57,16
Niedorp,Eric Storms,0 days 00:09:34,19,0 days 00:01:22,16,0 days 00:32:03,26,0 days 00:42:59,18,0 days 00:02:01,66,0 days 00:19:32,18,0 days 01:04:29,17
Niedorp,Erik Buis,0 days 00:11:59,72,0 days 00:01:50,56,0 days 00:31:25,20,0 days 00:45:14,27,0 days 00:01:45,30,0 days 00:18:07,7,0 days 01:05:05,18
Niedorp,Onno Timmermans,0 days 00:11:22,54,0 days 00:01:54,67,0 days 00:30:08,5,0 days 00:43:24,19,0 days 00:01:38,20,0 days 00:20:23,32,0 days 01:05:22,19
Niedorp,Robin Marees,0 days 00:11:02,42,0 days 00:01:38,37,0 days 00:31:49,23,0 days 00:44:29,23,0 days 00:02:08,80,0 days 00:19:57,25,0 days 01:06:32,20
Niedorp,Mitchell Tijsen,0 days 00:11:27,58,0 days 00:01:40,41,0 days 00:31:48,22,0 days 00:44:55,25,0 days 00:01:51,39,0 days 00:20:01,28,0 days 01:06:44,21
Niedorp,Koen van Wieren,0 days 00:12:06,77,0 days 00:02:11,99,0 days 00:31:21,19,0 days 00:45:38,33,0 days 00:01:55,51,0 days 00:19:23,12,0 days 01:06:54,22
Niedorp,Dave de Groot,0 days 00:12:58,103,0 days 00:01:27,23,0 days 00:30:49,12,0 days 00:45:14,27,0 days 00:01:49,34,0 days 00:19:53,22,0 days 01:06:54,23
Niedorp,Thijs de Lange,0 days 00:09:55,24,0 days 00:01:36,34,0 days 00:31:02,14,0 days 00:42:33,16,0 days 00:02:02,68,0 days 00:22:22,68,0 days 01:06:54,24
Niedorp,Erik Visser,0 days 00:10:46,36,0 days 00:01:38,37,0 days 00:32:09,27,0 days 00:44:33,24,0 days 00:01:52,44,0 days 00:20:37,34,0 days 01:07:01,25
Niedorp,Dennis Schipper,0 days 00:09:54,23,0 days 00:01:06,5,0 days 00:34:32,63,0 days 00:45:32,30,0 days 00:01:44,28,0 days 00:19:57,25,0 days 01:07:10,26
Niedorp,Rens Zuurbier,0 days 00:12:29,89,0 days 00:01:27,23,0 days 00:32:01,24,0 days 00:45:57,36,0 days 00:01:50,36,0 days 00:19:26,14,0 days 01:07:11,27
Niedorp,Jan Hof,0 days 00:11:26,57,0 days 00:01:24,20,0 days 00:33:01,34,0 days 00:45:51,34,0 days 00:01:55,51,0 days 00:19:53,22,0 days 01:07:36,28
Niedorp,Rens Sterk,0 days 00:12:14,80,0 days 00:01:45,48,0 days 00:33:00,33,0 days 00:46:59,48,0 days 00:01:45,30,0 days 00:19:31,17,0 days 01:08:14,29
Niedorp,Sander van Staveren,0 days 00:11:27,58,0 days 00:01:53,60,0 days 00:33:12,39,0 days 00:46:32,41,0 days 00:01:48,33,0 days 00:20:00,27,0 days 01:08:19,30
Niedorp,Ruud Doodeman,0 days 00:10:17,31,0 days 00:01:18,11,0 days 00:35:00,72,0 days 00:46:35,43,0 days 00:01:38,20,0 days 00:20:37,34,0 days 01:08:49,31
Niedorp,Michael Smit,0 days 00:08:49,11,0 days 00:01:28,27,0 days 00:35:19,79,0 days 00:45:36,32,0 days 00:02:25,111,0 days 00:21:17,47,0 days 01:09:17,32
Niedorp,Youri Ellenbroek,0 days 00:10:48,37,0 days 00:01:31,29,0 days 00:35:42,89,0 days 00:48:01,60,0 days 00:01:51,39,0 days 00:19:28,16,0 days 01:09:18,33
Niedorp,Bart Brinkman,0 days 00:14:32,138,0 days 00:03:05,148,0 days 00:23:39,1,0 days 00:41:16,7,0 days 00:03:41,153,0 days 00:24:30,112,0 days 01:09:26,34
Niedorp,Nico Buddelmeijer,0 days 00:10:30,32,0 days 00:01:53,60,0 days 00:32:34,30,0 days 00:44:57,26,0 days 00:01:57,60,0 days 00:22:39,78,0 days 01:09:31,35
Niedorp,Ronald de Groot,0 days 00:11:51,65,0 days 00:01:43,44,0 days 00:32:33,28,0 days 00:46:07,37,0 days 00:01:54,48,0 days 00:21:40,51,0 days 01:09:39,36
Niedorp,Martijn Stengewis,0 days 00:12:37,93,0 days 00:02:05,90,0 days 00:31:12,15,0 days 00:45:54,35,0 days 00:01:50,36,0 days 00:22:01,58,0 days 01:09:43,37
Niedorp,Christiaan Schipper,0 days 00:12:04,76,0 days 00:01:41,42,0 days 00:33:28,43,0 days 00:47:13,49,0 days 00:01:35,15,0 days 00:21:01,40,0 days 01:09:48,38
Niedorp,Mees Meuge,0 days 00:10:16,30,0 days 00:01:19,13,0 days 00:36:34,107,0 days 00:48:09,61,0 days 00:01:37,17,0 days 00:20:13,31,0 days 01:09:58,39
Niedorp,Maarten Kamsma,0 days 00:11:48,64,0 days 00:01:37,35,0 days 00:33:08,35,0 days 00:46:33,42,0 days 00:01:37,17,0 days 00:21:51,53,0 days 01:09:59,40
Niedorp,patrick smal,0 days 00:11:25,56,0 days 00:01:46,51,0 days 00:34:03,52,0 days 00:47:14,50,0 days 00:01:55,51,0 days 00:21:04,41,0 days 01:10:11,41
Niedorp,Alan Simmonds,0 days 00:12:26,86,0 days 00:01:32,30,0 days 00:33:35,44,0 days 00:47:33,54,0 days 00:01:37,17,0 days 00:21:11,44,0 days 01:10:18,42
Niedorp,Ruud Koopman,0 days 00:09:05,13,0 days 00:02:11,99,0 days 00:34:17,55,0 days 00:45:33,31,0 days 00:02:16,92,0 days 00:22:36,76,0 days 01:10:24,43
Niedorp,Martin Bloothoofd,0 days 00:11:56,71,0 days 00:01:34,31,0 days 00:32:58,32,0 days 00:46:28,40,0 days 00:01:51,39,0 days 00:22:20,67,0 days 01:10:37,44
Niedorp,Micha Varkevisser,0 days 00:11:15,50,0 days 00:01:12,8,0 days 00:37:10,118,0 days 00:49:37,74,0 days 00:01:28,7,0 days 00:19:38,19,0 days 01:10:41,45
Niedorp,Bram Spaans,0 days 00:12:09,79,0 days 00:01:27,23,0 days 00:34:21,58,0 days 00:47:57,57,0 days 00:01:38,20,0 days 00:21:16,46,0 days 01:10:49,46
Niedorp,Simon Gootjes,0 days 00:11:12,47,0 days 00:01:47,54,0 days 00:33:37,46,0 days 00:46:36,44,0 days 00:02:25,111,0 days 00:21:56,55,0 days 01:10:55,47
Niedorp,Niek van Langen,0 days 00:10:50,38,0 days 00:01:46,51,0 days 00:34:02,51,0 days 00:46:38,45,0 days 00:01:59,64,0 days 00:22:23,69,0 days 01:10:58,48
Niedorp,Edward Kardinaal,0 days 00:10:03,28,0 days 00:01:27,23,0 days 00:32:50,31,0 days 00:44:20,21,0 days 00:01:58,61,0 days 00:24:51,116,0 days 01:11:07,49
Niedorp,Sandy de Joode,0 days 00:13:42,115,0 days 00:01:26,22,0 days 00:33:10,36,0 days 00:48:18,62,0 days 00:01:32,13,0 days 00:21:22,48,0 days 01:11:10,50
Niedorp,Rob van der Voort,0 days 00:11:02,42,0 days 00:02:10,98,0 days 00:34:19,57,0 days 00:47:31,53,0 days 00:01:51,39,0 days 00:22:00,57,0 days 01:11:21,51
Niedorp,Maarten Moes,0 days 00:10:43,35,0 days 00:01:21,14,0 days 00:32:02,25,0 days 00:44:06,20,0 days 00:01:36,16,0 days 00:25:52,134,0 days 01:11:32,52
Niedorp,Ivar Ottenbros,0 days 00:12:30,90,0 days 00:01:38,37,0 days 00:33:10,36,0 days 00:47:18,51,0 days 00:01:59,64,0 days 00:22:40,79,0 days 01:11:55,53
Niedorp,Jordi Varkevisser,0 days 00:10:00,27,0 days 00:01:35,32,0 days 00:37:11,119,0 days 00:48:46,64,0 days 00:01:55,51,0 days 00:21:35,50,0 days 01:12:14,54
Niedorp,Ruud Sweep,0 days 00:10:52,39,0 days 00:02:05,90,0 days 00:33:25,41,0 days 00:46:22,38,0 days 00:01:51,39,0 days 00:24:11,101,0 days 01:12:22,55
Niedorp,Chris van Dok,0 days 00:13:24,111,0 days 00:02:04,85,0 days 00:34:15,54,0 days 00:49:43,76,0 days 00:01:54,48,0 days 00:20:55,39,0 days 01:12:28,56
Niedorp,Boris Leegwater,0 days 00:13:42,115,0 days 00:01:53,60,0 days 00:33:59,49,0 days 00:49:34,72,0 days 00:01:54,48,0 days 00:21:04,41,0 days 01:12:30,57
Niedorp,Bart Winter,0 days 00:11:53,68,0 days 00:01:53,60,0 days 00:35:45,90,0 days 00:49:31,71,0 days 00:01:50,36,0 days 00:21:14,45,0 days 01:12:33,58
Niedorp,Jem Koorn,0 days 00:11:28,60,0 days 00:01:23,17,0 days 00:35:48,94,0 days 00:48:39,63,0 days 00:01:49,34,0 days 00:22:14,64,0 days 01:12:39,59
Niedorp,Jorrit Lind,0 days 00:12:56,101,0 days 00:01:45,48,0 days 00:33:17,40,0 days 00:47:58,58,0 days 00:01:53,47,0 days 00:23:06,85,0 days 01:12:54,60
Niedorp,Robin van Stein,0 days 00:11:45,63,0 days 00:02:03,82,0 days 00:33:59,49,0 days 00:47:47,55,0 days 00:02:11,86,0 days 00:23:10,86,0 days 01:13:07,61
Niedorp,Tobias van den Nieuwendijk,0 days 00:11:04,44,0 days 00:02:05,90,0 days 00:34:46,67,0 days 00:47:55,56,0 days 00:02:31,118,0 days 00:22:54,83,0 days 01:13:18,62
Niedorp,Mark van der Horst,0 days 00:11:16,51,0 days 00:02:06,94,0 days 00:35:26,80,0 days 00:48:48,65,0 days 00:01:56,57,0 days 00:22:47,82,0 days 01:13:28,63
Niedorp,Rogier Couwenhoven,0 days 00:09:46,20,0 days 00:01:58,74,0 days 00:35:14,76,0 days 00:46:58,47,0 days 00:02:20,103,0 days 00:24:17,102,0 days 01:13:33,64
Niedorp,Joost Jan Ruijter,0 days 00:12:01,73,0 days 00:02:31,122,0 days 00:34:26,60,0 days 00:48:58,67,0 days 00:02:38,126,0 days 00:22:07,62,0 days 01:13:42,65
Niedorp,Mark Waltman,0 days 00:11:55,70,0 days 00:02:09,96,0 days 00:35:26,80,0 days 00:49:30,70,0 days 00:02:02,68,0 days 00:22:17,65,0 days 01:13:47,66
Niedorp,Casper Marelis,0 days 00:08:28,6,0 days 00:01:37,35,0 days 00:36:19,100,0 days 00:46:24,39,0 days 00:02:13,90,0 days 00:25:35,130,0 days 01:14:09,67
Niedorp,Roelof Veenvliet,0 days 00:09:03,12,0 days 00:02:12,103,0 days 00:34:10,53,0 days 00:45:25,29,0 days 00:02:20,103,0 days 00:26:31,142,0 days 01:14:14,68
Niedorp,Arno Looijen,0 days 00:11:52,66,0 days 00:01:59,75,0 days 00:35:47,91,0 days 00:49:38,75,0 days 00:02:10,83,0 days 00:22:31,72,0 days 01:14:18,69
Niedorp,Ruud Breed,0 days 00:12:34,91,0 days 00:02:27,119,0 days 00:34:57,71,0 days 00:49:58,79,0 days 00:02:03,74,0 days 00:22:24,70,0 days 01:14:23,70
Niedorp,casey kruijer,0 days 00:12:03,75,0 days 00:01:18,11,0 days 00:38:31,134,0 days 00:51:52,116,0 days 00:01:52,44,0 days 00:20:44,37,0 days 01:14:26,71
Niedorp,Gerard Fijnheer,0 days 00:12:07,78,0 days 00:01:53,60,0 days 00:36:21,101,0 days 00:50:21,82,0 days 00:02:05,77,0 days 00:22:06,61,0 days 01:14:29,72
Niedorp,Thomas Droog,0 days 00:13:58,121,0 days 00:01:52,58,0 days 00:34:34,64,0 days 00:50:24,84,0 days 00:02:05,77,0 days 00:22:03,60,0 days 01:14:30,73
Niedorp,Marco Bijl,0 days 00:11:14,49,0 days 00:02:30,121,0 days 00:33:39,47,0 days 00:47:23,52,0 days 00:02:52,140,0 days 00:24:22,105,0 days 01:14:35,74
Niedorp,Luuk Reijmers,0 days 00:14:06,126,0 days 00:02:12,103,0 days 00:33:36,45,0 days 00:49:54,78,0 days 00:02:02,68,0 days 00:22:43,81,0 days 01:14:37,75
Niedorp,Patrick Keizer,0 days 00:12:27,87,0 days 00:01:53,60,0 days 00:35:47,91,0 days 00:50:07,80,0 days 00:02:10,83,0 days 00:22:25,71,0 days 01:14:40,76
Niedorp,Peter Duineveld,0 days 00:13:30,113,0 days 00:02:02,79,0 days 00:34:55,70,0 days 00:50:27,87,0 days 00:02:11,86,0 days 00:22:17,65,0 days 01:14:54,77
Niedorp,Michel Jochems,0 days 00:11:18,52,0 days 00:01:55,69,0 days 00:34:47,68,0 days 00:48:00,59,0 days 00:02:29,115,0 days 00:24:30,112,0 days 01:14:57,78
Niedorp,Jeroen Anslijn,0 days 00:11:08,46,0 days 00:01:57,72,0 days 00:36:31,105,0 days 00:49:36,73,0 days 00:01:58,61,0 days 00:23:24,87,0 days 01:14:57,79
Niedorp,Adriaan Klijn,0 days 00:14:08,127,0 days 00:02:11,99,0 days 00:36:23,102,0 days 00:52:42,123,0 days 00:01:55,51,0 days 00:20:41,36,0 days 01:15:15,80
Niedorp,Kasper de Vos,0 days 00:12:39,94,0 days 00:02:05,90,0 days 00:37:35,126,0 days 00:52:19,117,0 days 00:01:58,61,0 days 00:21:09,43,0 days 01:15:25,81
Niedorp,Jidde Rademaker,0 days 00:08:24,5,0 days 00:02:08,95,0 days 00:40:54,149,0 days 00:51:26,101,0 days 00:01:56,57,0 days 00:22:08,63,0 days 01:15:28,82
Niedorp,Erik Coevert,0 days 00:11:07,45,0 days 00:01:54,67,0 days 00:36:43,112,0 days 00:49:44,77,0 days 00:01:56,57,0 days 00:24:00,97,0 days 01:15:38,83
Niedorp,Marco Borst,0 days 00:14:28,136,0 days 00:02:50,137,0 days 00:34:26,60,0 days 00:51:44,110,0 days 00:02:02,68,0 days 00:21:59,56,0 days 01:15:43,84
Niedorp,Jeroen Slagter,0 days 00:13:44,118,0 days 00:02:58,142,0 days 00:35:55,95,0 days 00:52:37,121,0 days 00:02:20,103,0 days 00:20:51,38,0 days 01:15:46,85
Niedorp,Thierry Spaans,0 days 00:13:35,114,0 days 00:01:46,51,0 days 00:35:05,73,0 days 00:50:26,86,0 days 00:02:12,89,0 days 00:23:28,88,0 days 01:16:03,86
Niedorp,Robin Ras,0 days 00:09:58,25,0 days 00:01:44,46,0 days 00:38:53,137,0 days 00:50:35,88,0 days 00:02:11,86,0 days 00:23:30,90,0 days 01:16:13,87
Niedorp,Dries Leegwater,0 days 00:13:46,119,0 days 00:02:18,112,0 days 00:33:25,41,0 days 00:49:29,69,0 days 00:02:36,123,0 days 00:24:17,102,0 days 01:16:20,88
Niedorp,Leon Kuijpers,0 days 00:13:03,106,0 days 00:01:47,54,0 days 00:36:09,98,0 days 00:50:59,95,0 days 00:02:56,144,0 days 00:22:31,72,0 days 01:16:24,89
Niedorp,Martin Beek,0 days 00:11:23,55,0 days 00:01:56,71,0 days 00:35:31,85,0 days 00:48:50,66,0 days 00:02:06,79,0 days 00:25:30,125,0 days 01:16:25,90
Niedorp,Roel Grandia,0 days 00:11:20,53,0 days 00:02:04,85,0 days 00:37:36,127,0 days 00:51:00,96,0 days 00:02:52,140,0 days 00:22:36,76,0 days 01:16:26,91
Niedorp,René Olij,0 days 00:10:42,34,0 days 00:01:44,46,0 days 00:36:37,109,0 days 00:49:03,68,0 days 00:02:17,96,0 days 00:25:08,121,0 days 01:16:27,92
Niedorp,Koen van der Meer,0 days 00:12:02,74,0 days 00:02:23,115,0 days 00:37:20,122,0 days 00:51:45,111,0 days 00:02:24,110,0 days 00:22:41,80,0 days 01:16:49,93
Niedorp,Robert Winters,0 days 00:14:01,123,0 days 00:01:50,56,0 days 00:36:52,113,0 days 00:52:43,124,0 days 00:02:19,100,0 days 00:21:53,54,0 days 01:16:53,94
Niedorp,Coen Sepers,0 days 00:15:04,144,0 days 00:02:03,82,0 days 00:34:28,62,0 days 00:51:35,102,0 days 00:02:51,138,0 days 00:22:31,72,0 days 01:16:55,95
Niedorp,Gijs Obdam,0 days 00:15:02,143,0 days 00:01:45,48,0 days 00:35:32,87,0 days 00:52:19,117,0 days 00:02:13,90,0 days 00:22:32,75,0 days 01:17:02,96
Niedorp,Dennis Wardenaar,0 days 00:12:22,84,0 days 00:02:01,76,0 days 00:36:31,105,0 days 00:50:54,92,0 days 00:02:16,92,0 days 00:24:00,97,0 days 01:17:08,97
Niedorp,Thijs Wijnker,0 days 00:15:15,146,0 days 00:02:50,137,0 days 00:36:41,111,0 days 00:54:46,137,0 days 00:02:16,92,0 days 00:20:12,30,0 days 01:17:12,98
Niedorp,sem slijkerman,0 days 00:14:47,139,0 days 00:01:43,44,0 days 00:34:54,69,0 days 00:51:24,100,0 days 00:02:16,92,0 days 00:23:37,91,0 days 01:17:15,99
Niedorp,Pim Bruin,0 days 00:16:01,148,0 days 00:01:57,72,0 days 00:35:38,88,0 days 00:53:36,128,0 days 00:02:04,75,0 days 00:21:41,52,0 days 01:17:20,100
Niedorp,Marco Weijers,0 days 00:13:26,112,0 days 00:02:32,124,0 days 00:34:25,59,0 days 00:50:23,83,0 days 00:02:02,68,0 days 00:25:06,119,0 days 01:17:28,101
Niedorp,Bert Westhoff,0 days 00:16:45,153,0 days 00:03:55,155,0 days 00:33:57,48,0 days 00:54:37,136,0 days 00:02:37,125,0 days 00:20:32,33,0 days 01:17:43,102
Niedorp,Eric Ruiter,0 days 00:13:01,104,0 days 00:02:17,111,0 days 00:35:07,74,0 days 00:50:25,85,0 days 00:02:04,75,0 days 00:25:30,125,0 days 01:17:56,103
Niedorp,Thomas Born,0 days 00:11:31,61,0 days 00:02:40,128,0 days 00:37:32,124,0 days 00:51:43,109,0 days 00:02:36,123,0 days 00:23:50,94,0 days 01:18:08,104
Niedorp,Jelle Geurts,0 days 00:12:41,95,0 days 00:01:55,69,0 days 00:35:31,85,0 days 00:50:07,80,0 days 00:03:01,146,0 days 00:25:14,122,0 days 01:18:20,105
Niedorp,Bernard Kamp,0 days 00:12:22,84,0 days 00:02:58,142,0 days 00:36:25,103,0 days 00:51:45,111,0 days 00:02:17,96,0 days 00:24:25,110,0 days 01:18:25,106
Niedorp,Jelte Veenstra,0 days 00:12:19,81,0 days 00:02:16,110,0 days 00:37:06,117,0 days 00:51:41,106,0 days 00:02:30,117,0 days 00:24:24,107,0 days 01:18:32,107
Niedorp,Jacco van der Werff,0 days 00:13:12,109,0 days 00:02:58,142,0 days 00:35:27,83,0 days 00:51:37,104,0 days 00:02:23,109,0 days 00:24:35,114,0 days 01:18:34,108
Niedorp,Erik Leibbrand,0 days 00:12:50,100,0 days 00:02:50,137,0 days 00:38:37,135,0 days 00:54:17,134,0 days 00:02:17,96,0 days 00:22:02,59,0 days 01:18:35,109
Niedorp,Arjan Dekker,0 days 00:14:26,135,0 days 00:02:36,127,0 days 00:34:18,56,0 days 00:51:20,99,0 days 00:02:19,100,0 days 00:25:00,117,0 days 01:18:36,110
Niedorp,Marius Pronk,0 days 00:11:54,69,0 days 00:02:11,99,0 days 00:36:39,110,0 days 00:50:44,91,0 days 00:02:46,134,0 days 00:25:14,122,0 days 01:18:41,111
Niedorp,Kai Klaver,0 days 00:14:52,141,0 days 00:02:34,125,0 days 00:37:02,116,0 days 00:54:28,135,0 days 00:01:23,3,0 days 00:22:58,84,0 days 01:18:47,112
Niedorp,Jeroen Rijvordt,0 days 00:11:13,48,0 days 00:02:26,116,0 days 00:37:29,123,0 days 00:51:08,97,0 days 00:02:29,115,0 days 00:25:30,125,0 days 01:19:04,113
Niedorp,Martijn Stadegaard,0 days 00:14:49,140,0 days 00:02:44,132,0 days 00:38:25,133,0 days 00:55:58,145,0 days 00:02:10,83,0 days 00:21:25,49,0 days 01:19:30,114
Niedorp,Jim van der Kroon,0 days 00:12:44,96,0 days 00:02:04,85,0 days 00:39:17,140,0 days 00:54:05,130,0 days 00:01:39,25,0 days 00:23:51,96,0 days 01:19:33,115
Niedorp,Rob Tensen,0 days 00:13:02,105,0 days 00:02:45,133,0 days 00:36:04,97,0 days 00:51:51,115,0 days 00:03:21,150,0 days 00:24:24,107,0 days 01:19:34,116
Niedorp,Barry Hoogland,0 days 00:12:28,88,0 days 00:02:57,141,0 days 00:36:54,114,0 days 00:52:19,117,0 days 00:02:44,132,0 days 00:24:37,115,0 days 01:19:38,117
Niedorp,Jan-Pieter Varkevisser,0 days 00:15:12,145,0 days 00:02:04,85,0 days 00:36:03,96,0 days 00:53:19,127,0 days 00:02:02,68,0 days 00:24:21,104,0 days 01:19:40,118
Niedorp,Martijn Gootjes,0 days 00:12:44,96,0 days 00:02:03,82,0 days 00:36:29,104,0 days 00:51:16,98,0 days 00:02:46,134,0 days 00:25:49,133,0 days 01:19:50,119
Niedorp,Klaas Dekker,0 days 00:13:58,121,0 days 00:02:27,119,0 days 00:35:14,76,0 days 00:51:39,105,0 days 00:02:38,126,0 days 00:25:36,131,0 days 01:19:51,120
Niedorp,Frank Broersen,0 days 00:13:46,119,0 days 00:02:26,116,0 days 00:35:30,84,0 days 00:51:42,107,0 days 00:02:47,136,0 days 00:25:31,129,0 days 01:19:59,121
Niedorp,Frank Zijlstra,0 days 00:14:17,133,0 days 00:03:01,146,0 days 00:36:54,114,0 days 00:54:12,131,0 days 00:02:22,108,0 days 00:23:28,88,0 days 01:20:00,122
Niedorp,Luuk Bos,0 days 00:11:41,62,0 days 00:02:49,136,0 days 00:37:19,121,0 days 00:51:49,113,0 days 00:03:01,146,0 days 00:25:37,132,0 days 01:20:25,123
Niedorp,Mark Pelser,0 days 00:14:12,131,0 days 00:02:34,125,0 days 00:35:47,91,0 days 00:52:33,120,0 days 00:03:39,152,0 days 00:24:26,111,0 days 01:20:35,124
Niedorp,Diederik de Boer,0 days 00:14:03,124,0 days 00:02:13,107,0 days 00:35:26,80,0 days 00:51:42,107,0 days 00:02:54,142,0 days 00:26:07,137,0 days 01:20:41,125
Niedorp,Jan Duijzer,0 days 00:16:37,152,0 days 00:03:03,147,0 days 00:34:36,65,0 days 00:54:16,133,0 days 00:02:41,130,0 days 00:23:50,94,0 days 01:20:44,126
Niedorp,jurgen Konijn,0 days 00:14:09,128,0 days 00:02:12,103,0 days 00:37:53,129,0 days 00:54:14,132,0 days 00:02:45,133,0 days 00:23:48,93,0 days 01:20:45,127
Niedorp,Dave Smit,0 days 00:12:20,82,0 days 00:02:12,103,0 days 00:37:18,120,0 days 00:51:50,114,0 days 00:02:28,114,0 days 00:26:38,143,0 days 01:20:54,128
Niedorp,Jeffrey Oldengarm,0 days 00:12:56,101,0 days 00:02:20,113,0 days 00:37:32,124,0 days 00:52:48,125,0 days 00:02:17,96,0 days 00:25:56,135,0 days 01:20:58,129
Niedorp,Tieme Rienks,0 days 00:13:03,106,0 days 00:01:53,60,0 days 00:37:54,130,0 days 00:52:50,126,0 days 00:02:47,136,0 days 00:25:30,125,0 days 01:21:06,130
Niedorp,Ralph van der Molen,0 days 00:14:28,136,0 days 00:02:26,116,0 days 00:38:01,131,0 days 00:54:55,138,0 days 00:02:31,118,0 days 00:24:08,99,0 days 01:21:31,131
Niedorp,Sander Schirrmann,0 days 00:16:12,150,0 days 00:03:58,156,0 days 00:35:12,75,0 days 00:55:22,139,0 days 00:02:20,103,0 days 00:24:08,99,0 days 01:21:49,132
Niedorp,Mathijs Ippel,0 days 00:10:09,29,0 days 00:02:09,96,0 days 00:38:23,132,0 days 00:50:41,90,0 days 00:01:44,28,0 days 00:29:35,152,0 days 01:21:57,133
Niedorp,Dick Commandeur,0 days 00:14:11,130,0 days 00:02:41,129,0 days 00:34:43,66,0 days 00:51:35,102,0 days 00:03:02,148,0 days 00:27:32,145,0 days 01:22:07,134
Niedorp,Thijs Meskers,0 days 00:10:57,40,0 days 00:02:20,113,0 days 00:37:38,128,0 days 00:50:55,93,0 days 00:03:37,151,0 days 00:28:00,148,0 days 01:22:31,135
Niedorp,Frank de Jong,0 days 00:12:36,92,0 days 00:02:04,85,0 days 00:39:07,139,0 days 00:53:47,129,0 days 00:02:42,131,0 days 00:26:18,139,0 days 01:22:44,136
Niedorp,Jan Klous,0 days 00:13:04,108,0 days 00:03:23,152,0 days 00:36:13,99,0 days 00:52:40,122,0 days 00:03:47,154,0 days 00:26:23,140,0 days 01:22:49,137
Niedorp,Marco Heddes,0 days 00:12:21,83,0 days 00:02:01,76,0 days 00:36:34,107,0 days 00:50:56,94,0 days 00:02:56,144,0 days 00:29:03,151,0 days 01:22:54,138
Niedorp,Ed Spaansen,0 days 00:22:59,157,,,,,,,,,0 days 00:25:04,118,0 days 01:23:13,139
Niedorp,Sander van Houten,0 days 00:11:52,66,0 days 00:03:00,145,0 days 00:40:30,145,0 days 00:55:22,139,0 days 00:02:55,143,0 days 00:25:14,122,0 days 01:23:28,140
Niedorp,Jesper Lind,0 days 00:14:20,134,0 days 00:02:02,79,0 days 00:39:02,138,0 days 00:55:24,141,0 days 00:02:33,122,0 days 00:26:01,136,0 days 01:23:56,141
Niedorp,Martijn Louwes,0 days 00:14:05,125,0 days 00:03:08,149,0 days 00:40:29,144,0 days 00:57:42,146,0 days 00:02:40,129,0 days 00:23:39,92,0 days 01:24:00,142
Niedorp,Tim Stad,0 days 00:14:09,128,0 days 00:02:47,135,0 days 00:40:49,148,0 days 00:57:45,147,0 days 00:02:20,103,0 days 00:24:23,106,0 days 01:24:25,143
Niedorp,Leen van Dipten,0 days 00:13:43,117,0 days 00:02:13,107,0 days 00:39:45,142,0 days 00:55:41,142,0 days 00:02:38,126,0 days 00:26:14,138,0 days 01:24:31,144
Niedorp,Jari Ploeger,0 days 00:17:13,154,0 days 00:01:52,58,0 days 00:40:43,146,0 days 00:59:48,149,0 days 00:01:22,2,0 days 00:24:24,107,0 days 01:25:31,145
Niedorp,Gert-Jan Weel,0 days 00:14:13,132,0 days 00:02:01,76,0 days 00:39:29,141,0 days 00:55:43,143,0 days 00:02:25,111,0 days 00:27:52,147,0 days 01:25:59,146
Niedorp,Sander van Gelderen,0 days 00:14:54,142,0 days 00:02:46,134,0 days 00:40:43,146,0 days 00:58:23,148,0 days 00:02:08,80,0 days 00:26:29,141,0 days 01:26:58,147
Niedorp,Stan Berghuis,,,,,,,,,,,,,0 days 01:27:00,148
Niedorp,Brian Otjes,0 days 00:11:00,41,0 days 00:03:16,151,0 days 00:41:27,150,0 days 00:55:43,143,0 days 00:03:03,149,0 days 00:29:02,150,0 days 01:27:46,149
Niedorp,jeroen bakker,0 days 00:13:18,110,0 days 00:02:31,122,0 days 00:45:00,154,0 days 01:00:49,152,0 days 00:02:19,100,0 days 00:25:06,119,0 days 01:28:12,150
Niedorp,Tom Berghout,0 days 00:15:41,147,0 days 00:02:41,129,0 days 00:41:34,151,0 days 00:59:56,151,0 days 00:01:31,11,0 days 00:27:04,144,0 days 01:28:28,151
Niedorp,Luuk Muizelaar,0 days 00:17:18,155,0 days 00:02:41,129,0 days 00:39:50,143,0 days 00:59:49,150,0 days 00:01:38,20,0 days 00:28:35,149,0 days 01:30:01,152
Niedorp,André Kamp,0 days 00:16:07,149,0 days 00:02:53,140,0 days 00:42:11,153,0 days 01:01:11,154,0 days 00:02:32,120,0 days 00:27:49,146,0 days 01:31:30,153
Niedorp,Lucas Beentjes,0 days 00:12:46,98,0 days 00:03:10,150,0 days 00:45:00,154,0 days 01:00:56,153,0 days 00:02:08,80,0 days 00:29:55,153,0 days 01:32:58,154
Niedorp,Remco De Veer,0 days 00:16:25,151,0 days 00:03:51,154,0 days 00:41:57,152,0 days 01:02:13,155,0 days 00:02:51,138,0 days 00:33:10,155,0 days 01:38:10,155
Niedorp,Rick de Keijser,0 days 00:20:17,156,0 days 00:03:40,153,0 days 00:46:30,156,0 days 01:10:27,156,0 days 00:02:32,120,0 days 00:31:00,154,0 days 01:43:57,156
Niedorp,Niels Romein,0 days 00:09:12,15,0 days 00:02:14,109,0 days 00:35:17,78,0 days 00:46:43,46,0 days 00:05:33,155,,,,-1
Niedorp,Co van Bueren,0 days 00:10:37,33,0 days 00:01:23,17,0 days 00:38:37,135,0 days 00:50:37,89,0 days 00:23:02,156,,,0 days 01:13:37,-1
Niedorp,John de Boer,0 days 00:24:45,158,,,,,,,,,,,,-1
Schagen,Noël Sterk,0 days 00:08:19,3,0 days 00:00:47,6,0 days 00:38:23,15,0 days 00:47:29,6,0 days 00:00:35,9,0 days 00:16:36,2,0 days 01:04:38,1
Schagen,Thijs van der Zee,0 days 00:09:27,7,0 days 00:00:53,13,0 days 00:35:53,2,0 days 00:46:13,4,0 days 00:00:37,12,0 days 00:18:04,7,0 days 01:04:51,2
Schagen,Emiel van Tongerlo,0 days 00:09:24,6,0 days 00:00:40,1,0 days 00:37:03,3,0 days 00:47:07,5,0 days 00:00:41,19,0 days 00:17:30,4,0 days 01:05:16,3
Schagen,Eric van der Linden,0 days 00:09:22,5,0 days 00:00:54,16,0 days 00:37:35,7,0 days 00:47:51,7,0 days 00:00:52,36,0 days 00:16:51,3,0 days 01:05:32,4
Schagen,Josh Garrone,0 days 00:08:49,4,0 days 00:00:42,2,0 days 00:38:41,17,0 days 00:48:12,10,0 days 00:00:32,5,0 days 00:17:53,6,0 days 01:06:37,5
Schagen,Mark Elbertsen,0 days 00:09:31,9,0 days 00:00:51,11,0 days 00:37:45,8,0 days 00:48:07,9,0 days 00:00:40,17,0 days 00:18:56,16,0 days 01:07:41,6
Schagen,Koos Zut,0 days 00:09:54,14,0 days 00:00:51,11,0 days 00:37:15,6,0 days 00:48:00,8,0 days 00:00:56,46,0 days 00:19:49,25,0 days 01:08:42,7
Schagen,Michael Emmerink,0 days 00:12:42,50,0 days 00:00:50,9,0 days 00:37:04,4,0 days 00:50:36,18,0 days 00:00:35,9,0 days 00:17:42,5,0 days 01:08:50,8
Schagen,Pol van Ham,0 days 00:10:17,15,0 days 00:00:47,6,0 days 00:39:12,22,0 days 00:50:16,14,0 days 00:00:43,23,0 days 00:18:08,9,0 days 01:09:05,9
Schagen,Jos Smit,0 days 00:09:44,12,0 days 00:00:56,18,0 days 00:38:50,19,0 days 00:49:30,11,0 days 00:00:43,23,0 days 00:18:56,16,0 days 01:09:08,10
Schagen,Paul Nieuwenhuizen,0 days 00:10:31,17,0 days 00:00:44,4,0 days 00:38:19,12,0 days 00:49:34,12,0 days 00:00:42,20,0 days 00:19:26,19,0 days 01:09:38,11
Schagen,Toine Groot,0 days 00:11:22,23,0 days 00:00:54,16,0 days 00:38:02,10,0 days 00:50:18,15,0 days 00:00:56,46,0 days 00:18:38,15,0 days 01:09:50,12
Schagen,Jordy van der Rijst,0 days 00:11:20,22,0 days 00:00:48,8,0 days 00:38:49,18,0 days 00:50:57,20,0 days 00:00:48,27,0 days 00:18:21,10,0 days 01:10:03,13
Schagen,Maarten Moes,0 days 00:11:09,19,0 days 00:00:57,20,0 days 00:38:38,16,0 days 00:50:44,19,0 days 00:00:32,5,0 days 00:19:33,21,0 days 01:10:47,14
Schagen,Erik Buis,0 days 00:11:38,29,0 days 00:01:11,34,0 days 00:39:13,23,0 days 00:52:02,21,0 days 00:00:48,27,0 days 00:18:34,13,0 days 01:11:21,15
Schagen,Arno van Zwieten,0 days 00:11:12,20,0 days 00:01:07,29,0 days 00:38:14,11,0 days 00:50:33,16,0 days 00:00:51,34,0 days 00:20:18,31,0 days 01:11:40,16
Schagen,Martin Verheesen,0 days 00:09:53,13,0 days 00:01:46,74,0 days 00:38:20,13,0 days 00:49:59,13,0 days 00:00:54,41,0 days 00:21:03,44,0 days 01:11:54,17
Schagen,Jos Pronk,0 days 00:10:40,18,0 days 00:01:32,58,0 days 00:38:21,14,0 days 00:50:33,16,0 days 00:00:48,27,0 days 00:20:55,42,0 days 01:12:14,18
Schagen,Co van Bueren,0 days 00:11:37,28,0 days 00:01:03,24,0 days 00:39:36,24,0 days 00:52:16,23,0 days 00:01:10,66,0 days 00:19:19,18,0 days 01:12:43,19
Schagen,Mike Timmerman,0 days 00:00:11,1,0 days 00:01:21,44,0 days 00:41:13,29,0 days 00:42:45,1,0 days 00:00:55,43,0 days 00:18:36,14,0 days 01:13:03,20
Schagen,Bob Ellermeijer,0 days 00:09:40,10,0 days 00:01:11,34,0 days 00:41:28,31,0 days 00:52:19,24,0 days 00:00:55,43,0 days 00:20:03,29,0 days 01:13:13,21
Schagen,Mark Boks,0 days 00:11:54,34,0 days 00:01:18,40,0 days 00:38:57,20,0 days 00:52:09,22,0 days 00:00:53,39,0 days 00:20:26,33,0 days 01:13:26,22
Schagen,Mitchell Tijsen,0 days 00:12:33,46,0 days 00:01:01,21,0 days 00:39:38,25,0 days 00:53:12,25,0 days 00:00:48,27,0 days 00:20:11,30,0 days 01:14:09,23
Schagen,Wietse de Vries,0 days 00:13:41,66,0 days 00:02:04,97,0 days 00:39:09,21,0 days 00:54:54,32,0 days 00:01:22,85,0 days 00:18:06,8,0 days 01:14:20,24
Schagen,Henk Elbertsen,0 days 00:11:29,25,0 days 00:01:05,26,0 days 00:41:13,29,0 days 00:53:47,28,0 days 00:00:58,51,0 days 00:19:52,26,0 days 01:14:35,25
Schagen,Erik Visser,0 days 00:11:45,32,0 days 00:01:02,23,0 days 00:41:01,28,0 days 00:53:48,29,0 days 00:00:42,20,0 days 00:20:29,34,0 days 01:14:57,26
Schagen,Rens Zuurbier,0 days 00:12:52,53,0 days 00:01:03,24,0 days 00:41:28,31,0 days 00:55:23,35,0 days 00:00:39,15,0 days 00:19:26,19,0 days 01:15:26,27
Schagen,Bram van den Akker,0 days 00:12:09,37,0 days 00:00:50,9,0 days 00:42:15,40,0 days 00:55:14,34,0 days 00:00:30,4,0 days 00:19:46,24,0 days 01:15:28,28
Schagen,Michael Smit,0 days 00:09:30,8,0 days 00:00:56,18,0 days 00:43:04,46,0 days 00:53:30,27,0 days 00:01:03,55,0 days 00:20:58,43,0 days 01:15:29,29
Schagen,Martijn Stengewis,0 days 00:12:38,47,0 days 00:01:21,44,0 days 00:39:58,26,0 days 00:53:57,30,0 days 00:00:46,25,0 days 00:22:02,55,0 days 01:16:43,30
Schagen,Ruud Doodeman,0 days 00:11:29,25,0 days 00:00:53,13,0 days 00:43:29,54,0 days 00:55:51,37,0 days 00:00:42,20,0 days 00:20:34,35,0 days 01:17:06,31
Schagen,Sander van Staveren,0 days 00:12:27,42,0 days 00:01:10,33,0 days 00:42:42,42,0 days 00:56:19,40,0 days 00:01:14,71,0 days 00:19:34,23,0 days 01:17:06,32
Schagen,Rens Sterk,0 days 00:13:35,65,0 days 00:01:01,21,0 days 00:42:01,36,0 days 00:56:37,42,0 days 00:00:56,46,0 days 00:19:56,27,0 days 01:17:27,33
Schagen,Jeroen Schuurman,0 days 00:12:08,36,0 days 00:01:53,85,0 days 00:41:30,34,0 days 00:55:31,36,0 days 00:01:16,75,0 days 00:20:45,38,0 days 01:17:30,34
Schagen,Ronald de Groot,0 days 00:12:29,43,0 days 00:01:06,28,0 days 00:41:28,31,0 days 00:55:03,33,0 days 00:00:56,46,0 days 00:21:36,50,0 days 01:17:32,35
Schagen,Sandy de Joode,0 days 00:14:09,77,0 days 00:01:07,29,0 days 00:40:52,27,0 days 00:56:08,38,0 days 00:00:37,12,0 days 00:21:05,45,0 days 01:17:47,36
Schagen,Thomas Mijnsbergen,0 days 00:15:21,106,0 days 00:01:21,44,0 days 00:38:01,9,0 days 00:54:43,31,0 days 00:01:34,101,0 days 00:21:48,53,0 days 01:18:03,37
Schagen,Jesse van Zwol,0 days 00:11:24,24,0 days 00:01:58,90,0 days 00:43:26,52,0 days 00:56:48,43,0 days 00:01:20,81,0 days 00:20:38,36,0 days 01:18:43,38
Schagen,Martin Bloothoofd,0 days 00:13:17,59,0 days 00:01:09,32,0 days 00:41:52,35,0 days 00:56:18,39,0 days 00:00:50,31,0 days 00:21:45,52,0 days 01:18:51,39
Schagen,Christiaan Schipper,0 days 00:13:23,61,0 days 00:01:32,58,0 days 00:43:38,57,0 days 00:58:33,51,0 days 00:00:50,31,0 days 00:19:33,21,0 days 01:18:54,40
Schagen,Simon Gootjes,0 days 00:00:12,2,0 days 00:01:41,68,0 days 00:42:40,41,0 days 00:44:33,2,0 days 00:01:37,105,0 days 00:21:33,49,0 days 01:19:27,41
Schagen,Niek van Langen,0 days 00:12:10,38,0 days 00:01:20,43,0 days 00:43:03,45,0 days 00:56:33,41,0 days 00:00:50,31,0 days 00:22:11,56,0 days 01:19:32,42
Schagen,Rob van der Voort,0 days 00:11:43,31,0 days 00:01:26,53,0 days 00:44:20,66,0 days 00:57:29,45,0 days 00:00:33,7,0 days 00:21:44,51,0 days 01:19:44,43
Schagen,Guus Brouwer,0 days 00:13:42,67,0 days 00:01:47,77,0 days 00:44:32,69,0 days 01:00:01,60,0 days 00:01:16,75,0 days 00:18:33,12,0 days 01:19:47,44
Schagen,Roelof Veenvliet,0 days 00:09:43,11,0 days 00:01:25,50,0 days 00:42:08,38,0 days 00:53:16,26,0 days 00:00:01,1,0 days 00:26:12,110,0 days 01:20:26,45
Schagen,Alan Simmonds,0 days 00:14:35,86,0 days 00:01:07,29,0 days 00:42:59,44,0 days 00:58:41,52,0 days 00:00:37,12,0 days 00:21:13,47,0 days 01:20:30,46
Schagen,Pepijn Effing,0 days 00:13:56,72,0 days 00:01:18,40,0 days 00:43:18,48,0 days 00:58:32,50,0 days 00:01:22,85,0 days 00:20:43,37,0 days 01:20:34,47
Schagen,Pascal Sijm,0 days 00:12:42,50,0 days 00:01:26,53,0 days 00:45:33,76,0 days 00:59:41,57,0 days 00:01:23,89,0 days 00:20:02,28,0 days 01:21:04,48
Schagen,Michael Nijholt,0 days 00:12:22,41,0 days 00:02:09,105,0 days 00:44:29,68,0 days 00:59:00,53,0 days 00:01:24,92,0 days 00:20:46,40,0 days 01:21:07,49
Schagen,Jeffrey van Brakel,0 days 00:11:51,33,0 days 00:01:35,61,0 days 00:43:24,50,0 days 00:56:50,44,0 days 00:01:22,85,0 days 00:23:11,75,0 days 01:21:21,50
Schagen,Dennis Visser,0 days 00:13:08,55,0 days 00:01:21,44,0 days 00:43:13,47,0 days 00:57:42,46,0 days 00:01:21,82,0 days 00:23:10,73,0 days 01:22:10,51
Schagen,Sander Bergers,0 days 00:12:18,40,0 days 00:01:47,77,0 days 00:44:03,61,0 days 00:58:08,48,0 days 00:01:06,60,0 days 00:23:10,73,0 days 01:22:22,52
Schagen,Ruud Breed,0 days 00:13:32,64,0 days 00:01:55,86,0 days 00:43:37,56,0 days 00:59:04,54,0 days 00:01:04,57,0 days 00:22:34,64,0 days 01:22:40,53
Schagen,Robin van Stein,0 days 00:13:25,63,0 days 00:01:13,36,0 days 00:43:27,53,0 days 00:58:05,47,0 days 00:01:12,69,0 days 00:23:31,82,0 days 01:22:46,54
Schagen,Niels van der Steen,0 days 00:16:28,116,0 days 00:01:44,71,0 days 00:42:58,43,0 days 01:01:10,72,0 days 00:00:01,1,0 days 00:21:08,46,0 days 01:23:16,55
Schagen,casey kruijer,0 days 00:13:19,60,0 days 00:00:53,13,0 days 00:47:37,96,0 days 01:01:49,76,0 days 00:00:54,41,0 days 00:20:53,41,0 days 01:23:34,56
Schagen,Jeroen Anslijn,0 days 00:11:39,30,0 days 00:01:14,37,0 days 00:46:47,88,0 days 00:59:40,56,0 days 00:00:01,1,0 days 00:23:04,69,0 days 01:23:41,57
Schagen,Martin Beek,0 days 00:12:32,45,0 days 00:01:24,49,0 days 00:44:15,65,0 days 00:58:11,49,0 days 00:01:11,67,0 days 00:24:40,91,0 days 01:23:59,58
Schagen,Thom de Boer,0 days 00:13:55,71,0 days 00:02:45,122,0 days 00:43:32,55,0 days 01:00:12,63,0 days 00:01:47,111,0 days 00:22:13,58,0 days 01:24:10,59
Schagen,Vin van Oeveren,0 days 00:14:51,90,0 days 00:01:32,58,0 days 00:43:19,49,0 days 00:59:42,58,0 days 00:00:51,34,0 days 00:23:45,84,0 days 01:24:17,60
Schagen,Lukas Mooij,0 days 00:12:06,35,0 days 00:02:05,99,0 days 00:46:51,89,0 days 01:01:02,71,0 days 00:00:52,36,0 days 00:22:43,67,0 days 01:24:35,61
Schagen,Jos Tielens,0 days 00:15:08,99,0 days 00:01:28,55,0 days 00:44:05,62,0 days 01:00:41,67,0 days 00:01:06,60,0 days 00:23:07,70,0 days 01:24:52,62
Schagen,Owen van Hooff,0 days 00:13:13,57,0 days 00:01:47,77,0 days 00:45:38,78,0 days 01:00:38,66,0 days 00:01:08,63,0 days 00:23:08,71,0 days 01:24:52,63
Schagen,Joeri Uilenreef,0 days 00:14:17,83,0 days 00:01:44,71,0 days 00:44:45,71,0 days 01:00:46,70,0 days 00:01:02,53,0 days 00:23:29,81,0 days 01:25:14,64
Schagen,Danny Hajos,0 days 00:14:23,84,0 days 00:02:03,96,0 days 00:43:52,58,0 days 01:00:18,64,0 days 00:01:53,116,0 days 00:23:12,76,0 days 01:25:21,65
Schagen,Leen Van Wensem,0 days 00:14:56,92,0 days 00:02:16,110,0 days 00:45:39,79,0 days 01:02:51,89,0 days 00:01:15,74,0 days 00:21:28,48,0 days 01:25:31,66
Schagen,Rien Groentjes,0 days 00:16:05,113,0 days 00:02:16,110,0 days 00:47:46,99,0 days 01:06:07,104,0 days 00:01:11,67,0 days 00:18:29,11,0 days 01:25:45,67
Schagen,Bert Westhoff,0 days 00:18:40,120,0 days 00:01:55,86,0 days 00:42:01,36,0 days 01:02:36,86,0 days 00:02:49,126,0 days 00:20:25,32,0 days 01:25:49,68
Schagen,Maarten Pietersen,0 days 00:15:02,96,0 days 00:01:19,42,0 days 00:45:55,81,0 days 01:02:16,84,0 days 00:01:16,75,0 days 00:22:26,62,0 days 01:25:55,69
Schagen,Adriaan Klijn,0 days 00:15:08,99,0 days 00:02:05,99,0 days 00:47:09,94,0 days 01:04:22,97,0 days 00:00:56,46,0 days 00:20:45,38,0 days 01:26:02,70
Schagen,Dorian Oser,0 days 00:11:30,27,0 days 00:01:56,89,0 days 00:49:06,107,0 days 01:02:32,85,0 days 00:01:04,57,0 days 00:22:38,65,0 days 01:26:13,71
Schagen,Dennis Wardenaar,0 days 00:12:38,47,0 days 00:01:44,71,0 days 00:46:51,89,0 days 01:01:13,73,0 days 00:01:56,119,0 days 00:23:08,71,0 days 01:26:16,72
Schagen,Koen van der Meer,0 days 00:13:14,58,0 days 00:01:46,74,0 days 00:47:39,97,0 days 01:02:39,87,0 days 00:01:23,89,0 days 00:22:24,61,0 days 01:26:24,73
Schagen,Mark van Beek,0 days 00:14:59,94,0 days 00:01:49,81,0 days 00:43:53,59,0 days 01:00:41,67,0 days 00:02:24,124,0 days 00:23:27,79,0 days 01:26:29,74
Schagen,Robert Winters,0 days 00:14:59,94,0 days 00:01:15,38,0 days 00:46:53,91,0 days 01:03:07,90,0 days 00:01:21,82,0 days 00:22:21,60,0 days 01:26:47,75
Schagen,Theo van der Fluit,0 days 00:11:12,20,0 days 00:02:06,101,0 days 00:46:42,86,0 days 01:00:00,59,0 days 00:01:36,104,0 days 00:25:18,100,0 days 01:26:52,76
Schagen,Daniel Tesselaar,0 days 00:13:23,61,0 days 00:02:10,106,0 days 00:44:33,70,0 days 01:00:06,62,0 days 00:01:35,102,0 days 00:25:33,101,0 days 01:27:12,77
Schagen,Jan Eeken,0 days 00:15:23,107,0 days 00:01:35,61,0 days 00:45:11,73,0 days 01:02:09,82,0 days 00:01:16,75,0 days 00:24:27,88,0 days 01:27:51,78
Schagen,Wouter van Onzenoort,0 days 00:12:30,44,0 days 00:02:24,115,0 days 00:47:03,93,0 days 01:01:57,79,0 days 00:01:06,60,0 days 00:25:03,95,0 days 01:28:04,79
Schagen,Frank Groot,0 days 00:15:08,99,0 days 00:02:07,103,0 days 00:46:04,83,0 days 01:03:19,91,0 days 00:02:01,121,0 days 00:23:01,68,0 days 01:28:19,80
Schagen,Diederik de Boer,0 days 00:14:50,89,0 days 00:01:40,65,0 days 00:44:11,64,0 days 01:00:41,67,0 days 00:01:53,116,0 days 00:26:10,109,0 days 01:28:42,81
Schagen,Erik Leibbrand,0 days 00:14:09,77,0 days 00:01:58,90,0 days 00:48:35,104,0 days 01:04:42,98,0 days 00:01:31,99,0 days 00:22:40,66,0 days 01:28:50,82
Schagen,Daan De Boer,0 days 00:14:01,74,0 days 00:01:16,39,0 days 00:46:44,87,0 days 01:02:01,80,0 days 00:01:19,80,0 days 00:25:41,102,0 days 01:29:00,83
Schagen,Walter Langedijk,0 days 00:13:56,72,0 days 00:01:58,90,0 days 00:48:27,103,0 days 01:04:21,96,0 days 00:01:25,93,0 days 00:23:27,79,0 days 01:29:10,84
Schagen,Dick Commandeur,0 days 00:15:39,110,0 days 00:01:52,83,0 days 00:45:13,74,0 days 01:02:44,88,0 days 00:01:30,98,0 days 00:00:25,1,0 days 01:29:12,85
Schagen,Martijn Gootjes,0 days 00:13:52,69,0 days 00:02:11,109,0 days 00:45:50,80,0 days 01:01:53,77,0 days 00:01:48,112,0 days 00:25:51,106,0 days 01:29:30,86
Schagen,Jan Duijzer,0 days 00:19:18,122,0 days 00:02:16,110,0 days 00:42:09,39,0 days 01:03:43,92,0 days 00:01:21,82,0 days 00:24:29,89,0 days 01:29:31,87
Schagen,Bert De Wit,0 days 00:12:40,49,0 days 00:03:15,127,0 days 00:46:08,84,0 days 01:02:03,81,0 days 00:01:51,114,0 days 00:25:43,103,0 days 01:29:35,88
Schagen,Max Ploeg,0 days 00:15:09,102,0 days 00:01:47,77,0 days 00:48:58,105,0 days 01:05:54,102,0 days 00:01:12,69,0 days 00:22:32,63,0 days 01:29:36,89
Schagen,Jan Klous,0 days 00:14:13,80,0 days 00:02:10,106,0 days 00:45:15,75,0 days 01:01:38,75,0 days 00:02:24,124,0 days 00:25:43,103,0 days 01:29:43,90
Schagen,Sem Gootjes,0 days 00:13:53,70,0 days 00:02:25,116,0 days 00:48:01,101,0 days 01:04:19,95,0 days 00:00:53,39,0 days 00:24:50,92,0 days 01:30:01,91
Schagen,Leen van Dipten,0 days 00:14:54,91,0 days 00:01:41,68,0 days 00:45:37,77,0 days 01:02:12,83,0 days 00:01:28,96,0 days 00:26:29,111,0 days 01:30:07,92
Schagen,Erwin Visser,0 days 00:15:18,104,0 days 00:03:29,128,0 days 00:46:01,82,0 days 01:04:48,99,0 days 00:00:52,36,0 days 00:25:04,96,0 days 01:30:42,93
Schagen,Ralph van der Molen,0 days 00:15:57,112,0 days 00:01:51,82,0 days 00:48:07,102,0 days 01:05:55,103,0 days 00:01:22,85,0 days 00:23:39,83,0 days 01:30:55,94
Schagen,Irmo Keulen,0 days 00:14:24,85,0 days 00:02:07,103,0 days 00:47:44,98,0 days 01:04:15,94,0 days 00:01:08,63,0 days 00:25:43,103,0 days 01:31:05,95
Schagen,Brian Kooij,0 days 00:14:13,80,0 days 00:01:55,86,0 days 00:47:59,100,0 days 01:04:07,93,0 days 00:01:01,52,0 days 00:26:01,108,0 days 01:31:08,96
Schagen,Roy Huiberts,0 days 00:16:28,116,0 days 00:01:59,93,0 days 00:47:01,92,0 days 01:05:28,101,0 days 00:01:40,106,0 days 00:24:09,86,0 days 01:31:15,97
Schagen,Thijs Martin,0 days 00:14:58,93,0 days 00:01:40,65,0 days 00:50:14,111,0 days 01:06:52,105,0 days 00:00:40,17,0 days 00:23:47,85,0 days 01:31:18,98
Schagen,Chris Rienstra,0 days 00:15:20,105,0 days 00:02:04,97,0 days 00:47:28,95,0 days 01:04:52,100,0 days 00:01:17,79,0 days 00:25:13,99,0 days 01:31:20,99
Schagen,Tim van Schalkwijk,0 days 00:15:26,109,0 days 00:01:28,55,0 days 00:52:03,117,0 days 01:08:57,111,0 days 00:01:46,110,0 days 00:21:52,54,0 days 01:32:33,100
Schagen,Mike Metz,0 days 00:13:04,54,0 days 00:02:10,106,0 days 00:52:04,118,0 days 01:07:18,106,0 days 00:01:02,53,0 days 00:24:22,87,0 days 01:32:40,101
Schagen,Lars Overtoom,0 days 00:14:10,79,0 days 00:02:00,95,0 days 00:43:53,59,0 days 01:00:03,61,0 days 00:01:09,65,0 days 00:31:40,123,0 days 01:32:49,102
Schagen,Marco Heddes,0 days 00:14:15,82,0 days 00:01:28,55,0 days 00:46:13,85,0 days 01:01:56,78,0 days 00:01:28,96,0 days 00:29:29,119,0 days 01:32:51,103
Schagen,Coen Sepers,0 days 00:24:27,128,0 days 00:01:25,50,0 days 00:43:24,50,0 days 01:09:16,114,0 days 00:01:27,95,0 days 00:22:12,57,0 days 01:32:53,104
Schagen,Stephan Ockers,0 days 00:15:23,107,0 days 00:02:49,124,0 days 00:50:52,112,0 days 01:09:04,112,0 days 00:00:39,15,0 days 00:23:15,77,0 days 01:32:57,105
Schagen,Sam Snaas,0 days 00:20:23,124,0 days 00:03:40,129,0 days 00:37:12,5,0 days 01:01:15,74,0 days 00:02:19,123,0 days 00:30:09,122,0 days 01:33:42,106
Schagen,Marc Snip,0 days 00:15:44,111,0 days 00:02:17,113,0 days 00:49:35,109,0 days 01:07:36,107,0 days 00:00:55,43,0 days 00:25:56,107,0 days 01:34:25,107
Schagen,Kees de Boer,0 days 00:24:28,129,0 days 00:01:41,68,0 days 00:44:28,67,0 days 01:10:37,117,0 days 00:01:32,100,0 days 00:22:20,59,0 days 01:34:27,108
Schagen,Thomas Mooij,0 days 00:13:11,56,0 days 00:02:54,125,0 days 00:52:48,120,0 days 01:08:53,110,0 days 00:02:11,122,0 days 00:24:37,90,0 days 01:35:39,109
Schagen,Wayne Meijerink,0 days 00:15:12,103,0 days 00:02:28,117,0 days 00:51:59,116,0 days 01:09:39,115,0 days 00:01:14,71,0 days 00:25:01,94,0 days 01:35:51,110
Schagen,Tim Leber,0 days 00:13:50,68,0 days 00:02:35,119,0 days 00:51:28,114,0 days 01:07:53,109,0 days 00:01:57,120,0 days 00:27:26,112,0 days 01:37:14,111
Schagen,Yorick van Asselt,0 days 00:18:41,121,0 days 00:02:44,121,0 days 00:49:43,110,0 days 01:11:08,119,0 days 00:01:23,89,0 days 00:25:06,97,0 days 01:37:34,112
Schagen,Tim Slijkhuis,0 days 00:15:06,98,0 days 00:01:22,48,0 days 00:51:23,113,0 days 01:07:51,108,0 days 00:01:44,108,0 days 00:29:55,120,0 days 01:39:29,113
Schagen,Danny Lamme,0 days 00:14:46,88,0 days 00:01:59,93,0 days 00:52:24,119,0 days 01:09:09,113,0 days 00:01:48,112,0 days 00:29:23,118,0 days 01:40:18,114
Schagen,Kevin Dijkstra,0 days 00:16:31,118,0 days 00:02:19,114,0 days 00:53:23,122,0 days 01:12:13,120,0 days 00:01:35,102,0 days 00:27:29,113,0 days 01:41:16,115
Schagen,Chris Vermeulen,0 days 00:16:26,115,0 days 00:02:30,118,0 days 00:51:39,115,0 days 01:10:35,116,0 days 00:01:40,106,0 days 00:29:10,116,0 days 01:41:22,116
Schagen,Kick Dillo,0 days 00:24:28,129,0 days 00:01:52,83,0 days 00:49:28,108,0 days 01:15:48,123,0 days 00:00:47,26,0 days 00:25:12,98,0 days 01:41:45,117
Schagen,Ivar de Lange,0 days 00:20:10,123,0 days 00:01:46,74,0 days 00:54:30,124,0 days 01:16:26,124,0 days 00:00:33,7,0 days 00:24:54,93,0 days 01:41:51,118
Schagen,Morris De Boer,0 days 00:22:10,126,0 days 00:02:06,101,0 days 00:53:43,123,0 days 01:17:59,126,0 days 00:01:03,55,0 days 00:23:26,78,0 days 01:42:26,119
Schagen,Hans Verheij,0 days 00:14:01,74,0 days 00:01:37,63,0 days 00:55:27,126,0 days 01:11:05,118,0 days 00:01:45,109,0 days 00:30:03,121,0 days 01:42:50,120
Schagen,Pascal Stoop,0 days 00:20:28,125,0 days 00:02:48,123,0 days 00:49:03,106,0 days 01:12:19,121,0 days 00:01:14,71,0 days 00:29:19,117,0 days 01:42:51,121
Schagen,Peter Kroon,0 days 00:15:04,97,0 days 00:05:22,130,0 days 00:53:16,121,0 days 01:13:42,122,0 days 00:01:52,115,0 days 00:28:48,115,0 days 01:44:20,122
Schagen,Arnoud Mulder,0 days 00:18:36,119,0 days 00:02:43,120,0 days 00:55:11,125,0 days 01:16:30,125,0 days 00:01:53,116,0 days 00:28:24,114,0 days 01:46:45,123
Schagen,Martin van Benten,0 days 00:14:04,76,0 days 00:01:25,50,0 days 00:44:05,62,0 days 00:59:34,55,0 days 00:01:05,59,,,,124
Schagen,Thierry Spaans,0 days 00:14:43,87,0 days 00:01:05,26,0 days 00:44:48,72,0 days 01:00:36,65,0 days 00:01:26,94,,,,125
Schagen,Eloy Anslijn,0 days 00:24:07,127,0 days 00:01:40,65,0 days 00:57:44,127,0 days 01:23:31,127,0 days 00:00:36,11,,,,126
Schagen,Kay Blokdijk,0 days 00:10:26,16,0 days 00:00:43,3,,,,,,,,,,127
Schagen,Maarten Kamsma,0 days 00:12:50,52,0 days 00:00:44,4,,,,,,,,,,128
Schagen,Sander Kliphuis,0 days 00:12:11,39,0 days 00:01:39,64,,,,,,,,,,129
Schagen,peter verbree,0 days 00:16:14,114,0 days 00:03:04,126,0 days 00:25:23,1,0 days 00:44:41,3,,,,,,-1
